상담일시,민원분야,질문내용,답변내용
2024-11-26 20:19:45,복지,마포구 기초생활수급자 신청,마포구 기초생활수급자 신청에 대한 답변입니다. 담당부서 연결 또는 관련 웹사이트 안내가 필요합니다.
2025-01-07 03:34:48,세무,영등포구 자동차세 연납 신청,영등포구 자동차세 연납 신청에 대한 답변입니다. 담당부서 연결 또는 관련 웹사이트 안내가 필요합니다.
2025-04-05 06:55:55,일반행정,금천구 지원금 신청 마감일,금천구 지원금 신청 마감일에 대한 답변입니다. 담당부서 연결 또는 관련 웹사이트 안내가 필요합니다.
2025-02-24 19:07:36,교통,서대문구 따릉이 이용 문의,서대문구 따릉이 이용 문의에 대한 답변입니다. 담당부서 연결 또는 관련 웹사이트 안내가 필요합니다.
2025-02-09 22:03:43,일반행정,중랑구 여권 발급 준비물,중랑구 여권 발급 준비물에 대한 답변입니다. 담당부서 연결 또는 관련 웹사이트 안내가 필요합니다.
2025-06-19 15:18:22,일반행정,도봉구 구청 업무 시간,도봉구 구청 업무 시간에 대한 답변입니다. 담당부서 연결 또는 관련 웹사이트 안내가 필요합니다.
2024-09-04 05:33:35,주택,강북구 전세보증금 반환보증,강북구 전세보증금 반환보증에 대한 답변입니다. 담당부서 연결 또는 관련 웹사이트 안내가 필요합니다.
2025-01-23 20:36:45,일반행정,강동구 주민등록등본 발급,강동구 주민등록등본 발급에 대한 답변입니다. 담당부서 연결 또는 관련 웹사이트 안내가 필요합니다.
2025-05-26 22:17:14,복지,용산구 장애인 서비스 문의,용산구 장애인 서비스 문의에 대한 답변입니다. 담당부서 연결 또는 관련 웹사이트 안내가 필요합니다.
2025-04-04 02:22:49,환경,강남구 분리수거 방법,강남구 분리수거 방법에 대한 답변입니다. 담당부서 연결 또는 관련 웹사이트 안내가 필요합니다.
2024-10-23 11:46:10,교통,중구 버스 노선 문의,중구 버스 노선 문의에 대한 답변입니다. 담당부서 연결 또는 관련 웹사이트 안내가 필요합니다.
2025-06-15 10:48:39,환경,중구 대형 폐기물 처리,중구 대형 폐기물 처리에 대한 답변입니다. 담당부서 연결 또는 관련 웹사이트 안내가 필요합니다.
2025-03-24 11:58:11,주택,영등포구 주택 수리 지원,영등포구 주택 수리 지원에 대한 답변입니다. 담당부서 연결 또는 관련 웹사이트 안내가 필요합니다.
2024-12-14 04:35:23,세무,송파구 취득세 감면 문의,송파구 취득세 감면 문의에 대한 답변입니다. 담당부서 연결 또는 관련 웹사이트 안내가 필요합니다.
2025-08-17 02:39:24,복지,서대문구 기초생활수급자 신청,서대문구 기초생활수급자 신청에 대한 답변입니다. 담당부서 연결 또는 관련 웹사이트 안내가 필요합니다.
2025-01-02 09:29:46,세무,서구 지방세 환급금 조회,서구 지방세 환급금 조회에 대한 답변입니다. 담당부서 연결 또는 관련 웹사이트 안내가 필요합니다.
2025-08-03 22:36:05,복지,종로구 장애인 서비스 문의,종로구 장애인 서비스 문의에 대한 답변입니다. 담당부서 연결 또는 관련 웹사이트 안내가 필요합니다.
2025-06-02 07:52:33,복지,노원구 출산장려금 신청,노원구 출산장려금 신청에 대한 답변입니다. 담당부서 연결 또는 관련 웹사이트 안내가 필요합니다.
2025-01-03 08:51:02,복지,광진구 장애인 서비스 문의,광진구 장애인 서비스 문의에 대한 답변입니다. 담당부서 연결 또는 관련 웹사이트 안내가 필요합니다.
2025-02-25 03:27:40,복지,성동구 기초생활수급자 신청,성동구 기초생활수급자 신청에 대한 답변입니다. 담당부서 연결 또는 관련 웹사이트 안내가 필요합니다.
2025-03-31 19:49:00,교통,강서구 불법주정차 신고,강서구 불법주정차 신고에 대한 답변입니다. 담당부서 연결 또는 관련 웹사이트 안내가 필요합니다.
2025-08-19 21:17:40,복지,금천구 출산장려금 신청,금천구 출산장려금 신청에 대한 답변입니다. 담당부서 연결 또는 관련 웹사이트 안내가 필요합니다.
2025-05-26 11:36:21,일반행정,성동구 구청 업무 시간,성동구 구청 업무 시간에 대한 답변입니다. 담당부서 연결 또는 관련 웹사이트 안내가 필요합니다.
2024-12-15 05:08:10,일반행정,금천구 주민등록등본 발급,금천구 주민등록등본 발급에 대한 답변입니다. 담당부서 연결 또는 관련 웹사이트 안내가 필요합니다.
2025-01-19 11:28:05,일반행정,북구 여권 발급 준비물,북구 여권 발급 준비물에 대한 답변입니다. 담당부서 연결 또는 관련 웹사이트 안내가 필요합니다.
2024-11-17 07:40:15,세무,구로구 연말정산 문의,구로구 연말정산 문의에 대한 답변입니다. 담당부서 연결 또는 관련 웹사이트 안내가 필요합니다.
2025-03-22 19:19:26,주택,양천구 전세보증금 반환보증,양천구 전세보증금 반환보증에 대한 답변입니다. 담당부서 연결 또는 관련 웹사이트 안내가 필요합니다.
2025-08-15 00:56:50,교통,북구 버스 노선 문의,북구 버스 노선 문의에 대한 답변입니다. 담당부서 연결 또는 관련 웹사이트 안내가 필요합니다.
2024-12-15 19:52:48,복지,서초구 기초생활수급자 신청,서초구 기초생활수급자 신청에 대한 답변입니다. 담당부서 연결 또는 관련 웹사이트 안내가 필요합니다.
2024-09-01 11:15:10,세무,동대문구 연말정산 문의,동대문구 연말정산 문의에 대한 답변입니다. 담당부서 연결 또는 관련 웹사이트 안내가 필요합니다.
2024-11-23 02:42:17,교통,강남구 불법주정차 신고,강남구 불법주정차 신고에 대한 답변입니다. 담당부서 연결 또는 관련 웹사이트 안내가 필요합니다.
2025-06-21 17:35:02,교통,강북구 지하철 막차 시간,강북구 지하철 막차 시간에 대한 답변입니다. 담당부서 연결 또는 관련 웹사이트 안내가 필요합니다.
2025-05-19 19:06:43,세무,송파구 자동차세 연납 신청,송파구 자동차세 연납 신청에 대한 답변입니다. 담당부서 연결 또는 관련 웹사이트 안내가 필요합니다.
2025-08-21 02:04:15,환경,마포구 대형 폐기물 처리,마포구 대형 폐기물 처리에 대한 답변입니다. 담당부서 연결 또는 관련 웹사이트 안내가 필요합니다.
2025-08-22 14:46:24,복지,서초구 장애인 서비스 문의,서초구 장애인 서비스 문의에 대한 답변입니다. 담당부서 연결 또는 관련 웹사이트 안내가 필요합니다.
2025-05-20 14:59:52,일반행정,노원구 여권 발급 준비물,노원구 여권 발급 준비물에 대한 답변입니다. 담당부서 연결 또는 관련 웹사이트 안내가 필요합니다.
2024-12-02 02:30:02,복지,서대문구 기초생활수급자 신청,서대문구 기초생활수급자 신청에 대한 답변입니다. 담당부서 연결 또는 관련 웹사이트 안내가 필요합니다.
2024-09-09 11:15:00,일반행정,동작구 지원금 신청 마감일,동작구 지원금 신청 마감일에 대한 답변입니다. 담당부서 연결 또는 관련 웹사이트 안내가 필요합니다.
2024-10-30 14:05:18,교통,강남구 버스 노선 문의,강남구 버스 노선 문의에 대한 답변입니다. 담당부서 연결 또는 관련 웹사이트 안내가 필요합니다.
2025-07-18 21:59:43,교통,중랑구 버스 노선 문의,중랑구 버스 노선 문의에 대한 답변입니다. 담당부서 연결 또는 관련 웹사이트 안내가 필요합니다.
2025-02-09 14:30:19,환경,동작구 음식물 쓰레기 배출,동작구 음식물 쓰레기 배출에 대한 답변입니다. 담당부서 연결 또는 관련 웹사이트 안내가 필요합니다.
2025-01-25 11:46:37,세무,도봉구 연말정산 문의,도봉구 연말정산 문의에 대한 답변입니다. 담당부서 연결 또는 관련 웹사이트 안내가 필요합니다.
2024-10-02 15:17:04,주택,도봉구 주택 수리 지원,도봉구 주택 수리 지원에 대한 답변입니다. 담당부서 연결 또는 관련 웹사이트 안내가 필요합니다.
2024-09-23 20:14:44,세무,중구 자동차세 연납 신청,중구 자동차세 연납 신청에 대한 답변입니다. 담당부서 연결 또는 관련 웹사이트 안내가 필요합니다.
2024-11-29 12:40:04,복지,중구 장애인 서비스 문의,중구 장애인 서비스 문의에 대한 답변입니다. 담당부서 연결 또는 관련 웹사이트 안내가 필요합니다.
2025-04-11 14:31:56,주택,성동구 주택 수리 지원,성동구 주택 수리 지원에 대한 답변입니다. 담당부서 연결 또는 관련 웹사이트 안내가 필요합니다.
2024-11-07 15:53:03,일반행정,중구 주민등록등본 발급,중구 주민등록등본 발급에 대한 답변입니다. 담당부서 연결 또는 관련 웹사이트 안내가 필요합니다.
2024-11-24 03:04:02,일반행정,종로구 주민등록등본 발급,종로구 주민등록등본 발급에 대한 답변입니다. 담당부서 연결 또는 관련 웹사이트 안내가 필요합니다.
2024-09-06 11:52:38,세무,구로구 연말정산 문의,구로구 연말정산 문의에 대한 답변입니다. 담당부서 연결 또는 관련 웹사이트 안내가 필요합니다.
2025-05-31 14:11:11,세무,강북구 지방세 환급금 조회,강북구 지방세 환급금 조회에 대한 답변입니다. 담당부서 연결 또는 관련 웹사이트 안내가 필요합니다.
2024-10-22 05:57:05,세무,금천구 지방세 환급금 조회,금천구 지방세 환급금 조회에 대한 답변입니다. 담당부서 연결 또는 관련 웹사이트 안내가 필요합니다.
2025-05-28 18:55:19,복지,양천구 출산장려금 신청,양천구 출산장려금 신청에 대한 답변입니다. 담당부서 연결 또는 관련 웹사이트 안내가 필요합니다.
2024-10-23 18:20:37,환경,서구 미세먼지 문의,서구 미세먼지 문의에 대한 답변입니다. 담당부서 연결 또는 관련 웹사이트 안내가 필요합니다.
2024-08-28 16:17:59,교통,서초구 불법주정차 신고,서초구 불법주정차 신고에 대한 답변입니다. 담당부서 연결 또는 관련 웹사이트 안내가 필요합니다.
2024-11-08 00:54:39,주택,송파구 공공임대주택 입주,송파구 공공임대주택 입주에 대한 답변입니다. 담당부서 연결 또는 관련 웹사이트 안내가 필요합니다.
2025-07-18 02:02:23,복지,강동구 출산장려금 신청,강동구 출산장려금 신청에 대한 답변입니다. 담당부서 연결 또는 관련 웹사이트 안내가 필요합니다.
2025-05-08 03:01:25,일반행정,영등포구 구청 업무 시간,영등포구 구청 업무 시간에 대한 답변입니다. 담당부서 연결 또는 관련 웹사이트 안내가 필요합니다.
2025-06-01 03:36:35,세무,도봉구 취득세 감면 문의,도봉구 취득세 감면 문의에 대한 답변입니다. 담당부서 연결 또는 관련 웹사이트 안내가 필요합니다.
2025-06-25 10:18:07,교통,은평구 불법주정차 신고,은평구 불법주정차 신고에 대한 답변입니다. 담당부서 연결 또는 관련 웹사이트 안내가 필요합니다.
2024-09-03 05:19:42,복지,송파구 어르신 지원 문의,송파구 어르신 지원 문의에 대한 답변입니다. 담당부서 연결 또는 관련 웹사이트 안내가 필요합니다.
2025-08-10 14:18:55,복지,강남구 어르신 지원 문의,강남구 어르신 지원 문의에 대한 답변입니다. 담당부서 연결 또는 관련 웹사이트 안내가 필요합니다.
2025-06-20 19:02:04,주택,관악구 공공임대주택 입주,관악구 공공임대주택 입주에 대한 답변입니다. 담당부서 연결 또는 관련 웹사이트 안내가 필요합니다.
2025-02-12 14:30:08,일반행정,도봉구 구청 업무 시간,도봉구 구청 업무 시간에 대한 답변입니다. 담당부서 연결 또는 관련 웹사이트 안내가 필요합니다.
2025-07-17 06:35:39,환경,금천구 미세먼지 문의,금천구 미세먼지 문의에 대한 답변입니다. 담당부서 연결 또는 관련 웹사이트 안내가 필요합니다.
2025-01-14 20:15:56,세무,동구 지방세 환급금 조회,동구 지방세 환급금 조회에 대한 답변입니다. 담당부서 연결 또는 관련 웹사이트 안내가 필요합니다.
2025-04-07 06:02:36,환경,동작구 대형 폐기물 처리,동작구 대형 폐기물 처리에 대한 답변입니다. 담당부서 연결 또는 관련 웹사이트 안내가 필요합니다.
2025-07-20 12:33:22,복지,도봉구 출산장려금 신청,도봉구 출산장려금 신청에 대한 답변입니다. 담당부서 연결 또는 관련 웹사이트 안내가 필요합니다.
2025-06-06 12:45:38,일반행정,남구 지원금 신청 마감일,남구 지원금 신청 마감일에 대한 답변입니다. 담당부서 연결 또는 관련 웹사이트 안내가 필요합니다.
2024-10-17 16:56:43,교통,강북구 버스 노선 문의,강북구 버스 노선 문의에 대한 답변입니다. 담당부서 연결 또는 관련 웹사이트 안내가 필요합니다.
2025-05-17 19:42:22,세무,북구 취득세 감면 문의,북구 취득세 감면 문의에 대한 답변입니다. 담당부서 연결 또는 관련 웹사이트 안내가 필요합니다.
2025-05-17 19:24:42,세무,금천구 연말정산 문의,금천구 연말정산 문의에 대한 답변입니다. 담당부서 연결 또는 관련 웹사이트 안내가 필요합니다.
2025-01-22 22:02:49,일반행정,서초구 구청 업무 시간,서초구 구청 업무 시간에 대한 답변입니다. 담당부서 연결 또는 관련 웹사이트 안내가 필요합니다.
2025-02-19 13:55:54,복지,구로구 어르신 지원 문의,구로구 어르신 지원 문의에 대한 답변입니다. 담당부서 연결 또는 관련 웹사이트 안내가 필요합니다.
2025-07-17 02:41:48,교통,강동구 따릉이 이용 문의,강동구 따릉이 이용 문의에 대한 답변입니다. 담당부서 연결 또는 관련 웹사이트 안내가 필요합니다.
2025-05-19 22:56:54,세무,동작구 연말정산 문의,동작구 연말정산 문의에 대한 답변입니다. 담당부서 연결 또는 관련 웹사이트 안내가 필요합니다.
2024-09-10 21:24:08,교통,종로구 따릉이 이용 문의,종로구 따릉이 이용 문의에 대한 답변입니다. 담당부서 연결 또는 관련 웹사이트 안내가 필요합니다.
2025-01-04 09:57:27,세무,노원구 연말정산 문의,노원구 연말정산 문의에 대한 답변입니다. 담당부서 연결 또는 관련 웹사이트 안내가 필요합니다.
2024-09-28 11:41:51,교통,강북구 불법주정차 신고,강북구 불법주정차 신고에 대한 답변입니다. 담당부서 연결 또는 관련 웹사이트 안내가 필요합니다.
2024-09-28 21:27:01,복지,서초구 어르신 지원 문의,서초구 어르신 지원 문의에 대한 답변입니다. 담당부서 연결 또는 관련 웹사이트 안내가 필요합니다.
2024-11-04 07:06:39,교통,성동구 불법주정차 신고,성동구 불법주정차 신고에 대한 답변입니다. 담당부서 연결 또는 관련 웹사이트 안내가 필요합니다.
2024-10-13 07:33:26,교통,동대문구 버스 노선 문의,동대문구 버스 노선 문의에 대한 답변입니다. 담당부서 연결 또는 관련 웹사이트 안내가 필요합니다.
2025-02-02 05:36:39,교통,중구 불법주정차 신고,중구 불법주정차 신고에 대한 답변입니다. 담당부서 연결 또는 관련 웹사이트 안내가 필요합니다.
2025-02-12 14:18:38,주택,동대문구 전세보증금 반환보증,동대문구 전세보증금 반환보증에 대한 답변입니다. 담당부서 연결 또는 관련 웹사이트 안내가 필요합니다.
2024-10-11 17:48:11,주택,금천구 공공임대주택 입주,금천구 공공임대주택 입주에 대한 답변입니다. 담당부서 연결 또는 관련 웹사이트 안내가 필요합니다.
2024-12-28 17:42:57,세무,서대문구 연말정산 문의,서대문구 연말정산 문의에 대한 답변입니다. 담당부서 연결 또는 관련 웹사이트 안내가 필요합니다.
2024-09-29 23:29:25,환경,강남구 음식물 쓰레기 배출,강남구 음식물 쓰레기 배출에 대한 답변입니다. 담당부서 연결 또는 관련 웹사이트 안내가 필요합니다.
2025-05-12 00:32:02,일반행정,강동구 주민등록등본 발급,강동구 주민등록등본 발급에 대한 답변입니다. 담당부서 연결 또는 관련 웹사이트 안내가 필요합니다.
2025-07-06 00:58:39,복지,광진구 어르신 지원 문의,광진구 어르신 지원 문의에 대한 답변입니다. 담당부서 연결 또는 관련 웹사이트 안내가 필요합니다.
2025-06-11 10:28:04,복지,관악구 어르신 지원 문의,관악구 어르신 지원 문의에 대한 답변입니다. 담당부서 연결 또는 관련 웹사이트 안내가 필요합니다.
2024-11-04 07:56:42,일반행정,동대문구 구청 업무 시간,동대문구 구청 업무 시간에 대한 답변입니다. 담당부서 연결 또는 관련 웹사이트 안내가 필요합니다.
2024-10-24 18:29:15,복지,영등포구 어르신 지원 문의,영등포구 어르신 지원 문의에 대한 답변입니다. 담당부서 연결 또는 관련 웹사이트 안내가 필요합니다.
2025-03-26 02:51:29,세무,송파구 연말정산 문의,송파구 연말정산 문의에 대한 답변입니다. 담당부서 연결 또는 관련 웹사이트 안내가 필요합니다.
2025-06-20 16:02:16,일반행정,금천구 구청 업무 시간,금천구 구청 업무 시간에 대한 답변입니다. 담당부서 연결 또는 관련 웹사이트 안내가 필요합니다.
2025-02-11 09:25:53,주택,금천구 주택 수리 지원,금천구 주택 수리 지원에 대한 답변입니다. 담당부서 연결 또는 관련 웹사이트 안내가 필요합니다.
2025-05-04 04:14:56,세무,남구 자동차세 연납 신청,남구 자동차세 연납 신청에 대한 답변입니다. 담당부서 연결 또는 관련 웹사이트 안내가 필요합니다.
2025-04-06 13:05:06,주택,구로구 전세보증금 반환보증,구로구 전세보증금 반환보증에 대한 답변입니다. 담당부서 연결 또는 관련 웹사이트 안내가 필요합니다.
2025-02-22 11:41:58,복지,금천구 어르신 지원 문의,금천구 어르신 지원 문의에 대한 답변입니다. 담당부서 연결 또는 관련 웹사이트 안내가 필요합니다.
2025-03-05 18:53:01,일반행정,남구 여권 발급 준비물,남구 여권 발급 준비물에 대한 답변입니다. 담당부서 연결 또는 관련 웹사이트 안내가 필요합니다.
2025-07-31 12:44:55,환경,은평구 미세먼지 문의,은평구 미세먼지 문의에 대한 답변입니다. 담당부서 연결 또는 관련 웹사이트 안내가 필요합니다.
2025-02-19 09:19:31,세무,영등포구 연말정산 문의,영등포구 연말정산 문의에 대한 답변입니다. 담당부서 연결 또는 관련 웹사이트 안내가 필요합니다.
2024-10-07 02:47:03,일반행정,동구 지원금 신청 마감일,동구 지원금 신청 마감일에 대한 답변입니다. 담당부서 연결 또는 관련 웹사이트 안내가 필요합니다.
2024-09-15 03:40:02,세무,중랑구 자동차세 연납 신청,중랑구 자동차세 연납 신청에 대한 답변입니다. 담당부서 연결 또는 관련 웹사이트 안내가 필요합니다.
2025-02-27 22:15:44,복지,강북구 기초생활수급자 신청,강북구 기초생활수급자 신청에 대한 답변입니다. 담당부서 연결 또는 관련 웹사이트 안내가 필요합니다.
2025-07-08 22:35:04,복지,서구 장애인 서비스 문의,서구 장애인 서비스 문의에 대한 답변입니다. 담당부서 연결 또는 관련 웹사이트 안내가 필요합니다.
2025-07-29 02:46:41,복지,구로구 어르신 지원 문의,구로구 어르신 지원 문의에 대한 답변입니다. 담당부서 연결 또는 관련 웹사이트 안내가 필요합니다.
2025-02-25 19:04:25,주택,노원구 층간소음 해결,노원구 층간소음 해결에 대한 답변입니다. 담당부서 연결 또는 관련 웹사이트 안내가 필요합니다.
2025-05-30 10:53:08,세무,동대문구 연말정산 문의,동대문구 연말정산 문의에 대한 답변입니다. 담당부서 연결 또는 관련 웹사이트 안내가 필요합니다.
2024-09-16 06:16:54,세무,중랑구 지방세 환급금 조회,중랑구 지방세 환급금 조회에 대한 답변입니다. 담당부서 연결 또는 관련 웹사이트 안내가 필요합니다.
2025-06-20 16:15:30,교통,은평구 불법주정차 신고,은평구 불법주정차 신고에 대한 답변입니다. 담당부서 연결 또는 관련 웹사이트 안내가 필요합니다.
2024-10-24 22:52:55,세무,도봉구 연말정산 문의,도봉구 연말정산 문의에 대한 답변입니다. 담당부서 연결 또는 관련 웹사이트 안내가 필요합니다.
2024-09-08 21:02:03,교통,중구 버스 노선 문의,중구 버스 노선 문의에 대한 답변입니다. 담당부서 연결 또는 관련 웹사이트 안내가 필요합니다.
2025-01-08 06:50:00,복지,서대문구 출산장려금 신청,서대문구 출산장려금 신청에 대한 답변입니다. 담당부서 연결 또는 관련 웹사이트 안내가 필요합니다.
2024-09-23 01:30:21,일반행정,성북구 여권 발급 준비물,성북구 여권 발급 준비물에 대한 답변입니다. 담당부서 연결 또는 관련 웹사이트 안내가 필요합니다.
2025-01-13 22:03:11,복지,노원구 출산장려금 신청,노원구 출산장려금 신청에 대한 답변입니다. 담당부서 연결 또는 관련 웹사이트 안내가 필요합니다.
2025-06-26 18:14:45,주택,남구 층간소음 해결,남구 층간소음 해결에 대한 답변입니다. 담당부서 연결 또는 관련 웹사이트 안내가 필요합니다.
2024-08-27 06:22:52,복지,마포구 출산장려금 신청,마포구 출산장려금 신청에 대한 답변입니다. 담당부서 연결 또는 관련 웹사이트 안내가 필요합니다.
2024-12-23 04:08:27,복지,강북구 장애인 서비스 문의,강북구 장애인 서비스 문의에 대한 답변입니다. 담당부서 연결 또는 관련 웹사이트 안내가 필요합니다.
2025-01-04 08:17:27,세무,서구 자동차세 연납 신청,서구 자동차세 연납 신청에 대한 답변입니다. 담당부서 연결 또는 관련 웹사이트 안내가 필요합니다.
2025-06-27 01:40:36,환경,동구 분리수거 방법,동구 분리수거 방법에 대한 답변입니다. 담당부서 연결 또는 관련 웹사이트 안내가 필요합니다.
2024-10-24 21:35:27,세무,강서구 연말정산 문의,강서구 연말정산 문의에 대한 답변입니다. 담당부서 연결 또는 관련 웹사이트 안내가 필요합니다.
2025-04-20 05:54:45,복지,서대문구 출산장려금 신청,서대문구 출산장려금 신청에 대한 답변입니다. 담당부서 연결 또는 관련 웹사이트 안내가 필요합니다.
2025-04-03 10:57:15,일반행정,성동구 주민등록등본 발급,성동구 주민등록등본 발급에 대한 답변입니다. 담당부서 연결 또는 관련 웹사이트 안내가 필요합니다.
2024-10-29 11:31:09,환경,은평구 대형 폐기물 처리,은평구 대형 폐기물 처리에 대한 답변입니다. 담당부서 연결 또는 관련 웹사이트 안내가 필요합니다.
2025-08-05 05:09:30,환경,광진구 음식물 쓰레기 배출,광진구 음식물 쓰레기 배출에 대한 답변입니다. 담당부서 연결 또는 관련 웹사이트 안내가 필요합니다.
2025-07-26 09:06:25,교통,동대문구 지하철 막차 시간,동대문구 지하철 막차 시간에 대한 답변입니다. 담당부서 연결 또는 관련 웹사이트 안내가 필요합니다.
2025-04-22 17:44:03,세무,성동구 취득세 감면 문의,성동구 취득세 감면 문의에 대한 답변입니다. 담당부서 연결 또는 관련 웹사이트 안내가 필요합니다.
2025-01-18 02:21:16,복지,동대문구 출산장려금 신청,동대문구 출산장려금 신청에 대한 답변입니다. 담당부서 연결 또는 관련 웹사이트 안내가 필요합니다.
2025-05-03 19:57:23,세무,용산구 연말정산 문의,용산구 연말정산 문의에 대한 답변입니다. 담당부서 연결 또는 관련 웹사이트 안내가 필요합니다.
2025-02-04 08:07:25,환경,강남구 음식물 쓰레기 배출,강남구 음식물 쓰레기 배출에 대한 답변입니다. 담당부서 연결 또는 관련 웹사이트 안내가 필요합니다.
2025-03-31 11:46:40,주택,중랑구 층간소음 해결,중랑구 층간소음 해결에 대한 답변입니다. 담당부서 연결 또는 관련 웹사이트 안내가 필요합니다.
2025-06-20 00:44:20,주택,강서구 공공임대주택 입주,강서구 공공임대주택 입주에 대한 답변입니다. 담당부서 연결 또는 관련 웹사이트 안내가 필요합니다.
2024-12-16 10:03:42,주택,강남구 전세보증금 반환보증,강남구 전세보증금 반환보증에 대한 답변입니다. 담당부서 연결 또는 관련 웹사이트 안내가 필요합니다.
2025-08-08 01:39:57,환경,북구 대형 폐기물 처리,북구 대형 폐기물 처리에 대한 답변입니다. 담당부서 연결 또는 관련 웹사이트 안내가 필요합니다.
2024-09-29 13:23:01,일반행정,남구 주민등록등본 발급,남구 주민등록등본 발급에 대한 답변입니다. 담당부서 연결 또는 관련 웹사이트 안내가 필요합니다.
2024-10-06 14:56:20,복지,강서구 장애인 서비스 문의,강서구 장애인 서비스 문의에 대한 답변입니다. 담당부서 연결 또는 관련 웹사이트 안내가 필요합니다.
2025-07-08 12:16:24,복지,금천구 출산장려금 신청,금천구 출산장려금 신청에 대한 답변입니다. 담당부서 연결 또는 관련 웹사이트 안내가 필요합니다.
2025-07-30 07:55:38,환경,노원구 미세먼지 문의,노원구 미세먼지 문의에 대한 답변입니다. 담당부서 연결 또는 관련 웹사이트 안내가 필요합니다.
2025-01-05 21:25:18,세무,양천구 자동차세 연납 신청,양천구 자동차세 연납 신청에 대한 답변입니다. 담당부서 연결 또는 관련 웹사이트 안내가 필요합니다.
2024-10-12 09:32:06,일반행정,성동구 지원금 신청 마감일,성동구 지원금 신청 마감일에 대한 답변입니다. 담당부서 연결 또는 관련 웹사이트 안내가 필요합니다.
2025-03-26 22:09:07,환경,송파구 대형 폐기물 처리,송파구 대형 폐기물 처리에 대한 답변입니다. 담당부서 연결 또는 관련 웹사이트 안내가 필요합니다.
2024-12-18 06:25:45,복지,마포구 장애인 서비스 문의,마포구 장애인 서비스 문의에 대한 답변입니다. 담당부서 연결 또는 관련 웹사이트 안내가 필요합니다.
2025-01-06 11:55:54,복지,중구 기초생활수급자 신청,중구 기초생활수급자 신청에 대한 답변입니다. 담당부서 연결 또는 관련 웹사이트 안내가 필요합니다.
2025-04-30 11:06:19,주택,남구 층간소음 해결,남구 층간소음 해결에 대한 답변입니다. 담당부서 연결 또는 관련 웹사이트 안내가 필요합니다.
2024-12-24 05:07:25,주택,강북구 층간소음 해결,강북구 층간소음 해결에 대한 답변입니다. 담당부서 연결 또는 관련 웹사이트 안내가 필요합니다.
2024-10-27 22:00:37,교통,성동구 따릉이 이용 문의,성동구 따릉이 이용 문의에 대한 답변입니다. 담당부서 연결 또는 관련 웹사이트 안내가 필요합니다.
2024-09-04 14:35:41,주택,성북구 전세보증금 반환보증,성북구 전세보증금 반환보증에 대한 답변입니다. 담당부서 연결 또는 관련 웹사이트 안내가 필요합니다.
2025-07-19 03:31:20,교통,강북구 버스 노선 문의,강북구 버스 노선 문의에 대한 답변입니다. 담당부서 연결 또는 관련 웹사이트 안내가 필요합니다.
2025-01-15 11:14:47,복지,서대문구 어르신 지원 문의,서대문구 어르신 지원 문의에 대한 답변입니다. 담당부서 연결 또는 관련 웹사이트 안내가 필요합니다.
2025-02-25 18:15:29,일반행정,서초구 구청 업무 시간,서초구 구청 업무 시간에 대한 답변입니다. 담당부서 연결 또는 관련 웹사이트 안내가 필요합니다.
2025-05-01 18:21:28,세무,종로구 연말정산 문의,종로구 연말정산 문의에 대한 답변입니다. 담당부서 연결 또는 관련 웹사이트 안내가 필요합니다.
2024-11-18 12:54:28,복지,은평구 출산장려금 신청,은평구 출산장려금 신청에 대한 답변입니다. 담당부서 연결 또는 관련 웹사이트 안내가 필요합니다.
2025-02-19 01:22:21,일반행정,강북구 주민등록등본 발급,강북구 주민등록등본 발급에 대한 답변입니다. 담당부서 연결 또는 관련 웹사이트 안내가 필요합니다.
2025-05-05 10:44:38,복지,중랑구 장애인 서비스 문의,중랑구 장애인 서비스 문의에 대한 답변입니다. 담당부서 연결 또는 관련 웹사이트 안내가 필요합니다.
2025-03-31 15:52:27,교통,서초구 불법주정차 신고,서초구 불법주정차 신고에 대한 답변입니다. 담당부서 연결 또는 관련 웹사이트 안내가 필요합니다.
2025-05-11 09:24:53,일반행정,금천구 여권 발급 준비물,금천구 여권 발급 준비물에 대한 답변입니다. 담당부서 연결 또는 관련 웹사이트 안내가 필요합니다.
2024-09-08 22:05:43,일반행정,서초구 구청 업무 시간,서초구 구청 업무 시간에 대한 답변입니다. 담당부서 연결 또는 관련 웹사이트 안내가 필요합니다.
2024-10-11 00:16:50,복지,중구 어르신 지원 문의,중구 어르신 지원 문의에 대한 답변입니다. 담당부서 연결 또는 관련 웹사이트 안내가 필요합니다.
2025-07-29 09:33:36,복지,서대문구 장애인 서비스 문의,서대문구 장애인 서비스 문의에 대한 답변입니다. 담당부서 연결 또는 관련 웹사이트 안내가 필요합니다.
2025-07-14 04:37:47,교통,동구 지하철 막차 시간,동구 지하철 막차 시간에 대한 답변입니다. 담당부서 연결 또는 관련 웹사이트 안내가 필요합니다.
2024-09-06 22:45:12,교통,중랑구 지하철 막차 시간,중랑구 지하철 막차 시간에 대한 답변입니다. 담당부서 연결 또는 관련 웹사이트 안내가 필요합니다.
2024-11-03 01:56:56,세무,동대문구 취득세 감면 문의,동대문구 취득세 감면 문의에 대한 답변입니다. 담당부서 연결 또는 관련 웹사이트 안내가 필요합니다.
2024-08-23 13:21:21,환경,서대문구 미세먼지 문의,서대문구 미세먼지 문의에 대한 답변입니다. 담당부서 연결 또는 관련 웹사이트 안내가 필요합니다.
2025-01-11 04:58:04,일반행정,북구 여권 발급 준비물,북구 여권 발급 준비물에 대한 답변입니다. 담당부서 연결 또는 관련 웹사이트 안내가 필요합니다.
2025-01-30 02:10:43,일반행정,성북구 주민등록등본 발급,성북구 주민등록등본 발급에 대한 답변입니다. 담당부서 연결 또는 관련 웹사이트 안내가 필요합니다.
2025-07-13 17:24:07,환경,강북구 대형 폐기물 처리,강북구 대형 폐기물 처리에 대한 답변입니다. 담당부서 연결 또는 관련 웹사이트 안내가 필요합니다.
2025-01-17 16:58:23,세무,강서구 연말정산 문의,강서구 연말정산 문의에 대한 답변입니다. 담당부서 연결 또는 관련 웹사이트 안내가 필요합니다.
2025-01-07 22:13:13,복지,강남구 장애인 서비스 문의,강남구 장애인 서비스 문의에 대한 답변입니다. 담당부서 연결 또는 관련 웹사이트 안내가 필요합니다.
2025-03-10 21:05:06,주택,서구 공공임대주택 입주,서구 공공임대주택 입주에 대한 답변입니다. 담당부서 연결 또는 관련 웹사이트 안내가 필요합니다.
2025-05-19 19:25:00,세무,중구 취득세 감면 문의,중구 취득세 감면 문의에 대한 답변입니다. 담당부서 연결 또는 관련 웹사이트 안내가 필요합니다.
2024-09-02 09:10:05,환경,구로구 대형 폐기물 처리,구로구 대형 폐기물 처리에 대한 답변입니다. 담당부서 연결 또는 관련 웹사이트 안내가 필요합니다.
2025-06-09 19:55:28,일반행정,구로구 구청 업무 시간,구로구 구청 업무 시간에 대한 답변입니다. 담당부서 연결 또는 관련 웹사이트 안내가 필요합니다.
2024-11-06 18:22:09,환경,영등포구 미세먼지 문의,영등포구 미세먼지 문의에 대한 답변입니다. 담당부서 연결 또는 관련 웹사이트 안내가 필요합니다.
2025-01-29 15:56:08,일반행정,강동구 주민등록등본 발급,강동구 주민등록등본 발급에 대한 답변입니다. 담당부서 연결 또는 관련 웹사이트 안내가 필요합니다.
2025-02-22 09:41:26,교통,강동구 따릉이 이용 문의,강동구 따릉이 이용 문의에 대한 답변입니다. 담당부서 연결 또는 관련 웹사이트 안내가 필요합니다.
2025-01-14 16:27:16,세무,금천구 지방세 환급금 조회,금천구 지방세 환급금 조회에 대한 답변입니다. 담당부서 연결 또는 관련 웹사이트 안내가 필요합니다.
2025-07-22 15:10:09,복지,구로구 출산장려금 신청,구로구 출산장려금 신청에 대한 답변입니다. 담당부서 연결 또는 관련 웹사이트 안내가 필요합니다.
2025-06-28 11:38:47,환경,용산구 음식물 쓰레기 배출,용산구 음식물 쓰레기 배출에 대한 답변입니다. 담당부서 연결 또는 관련 웹사이트 안내가 필요합니다.
2025-03-04 00:02:43,일반행정,남구 여권 발급 준비물,남구 여권 발급 준비물에 대한 답변입니다. 담당부서 연결 또는 관련 웹사이트 안내가 필요합니다.
2025-05-08 18:24:32,세무,동대문구 지방세 환급금 조회,동대문구 지방세 환급금 조회에 대한 답변입니다. 담당부서 연결 또는 관련 웹사이트 안내가 필요합니다.
2024-10-14 17:33:34,교통,광진구 버스 노선 문의,광진구 버스 노선 문의에 대한 답변입니다. 담당부서 연결 또는 관련 웹사이트 안내가 필요합니다.
2025-07-16 07:52:55,교통,송파구 버스 노선 문의,송파구 버스 노선 문의에 대한 답변입니다. 담당부서 연결 또는 관련 웹사이트 안내가 필요합니다.
2025-03-23 12:12:05,복지,동대문구 장애인 서비스 문의,동대문구 장애인 서비스 문의에 대한 답변입니다. 담당부서 연결 또는 관련 웹사이트 안내가 필요합니다.
2025-08-19 13:24:23,복지,동구 장애인 서비스 문의,동구 장애인 서비스 문의에 대한 답변입니다. 담당부서 연결 또는 관련 웹사이트 안내가 필요합니다.
2024-11-03 05:38:39,일반행정,서대문구 여권 발급 준비물,서대문구 여권 발급 준비물에 대한 답변입니다. 담당부서 연결 또는 관련 웹사이트 안내가 필요합니다.
2025-05-26 00:06:27,복지,서초구 출산장려금 신청,서초구 출산장려금 신청에 대한 답변입니다. 담당부서 연결 또는 관련 웹사이트 안내가 필요합니다.
2025-08-18 00:48:54,교통,남구 불법주정차 신고,남구 불법주정차 신고에 대한 답변입니다. 담당부서 연결 또는 관련 웹사이트 안내가 필요합니다.
2025-06-05 06:34:07,복지,강동구 장애인 서비스 문의,강동구 장애인 서비스 문의에 대한 답변입니다. 담당부서 연결 또는 관련 웹사이트 안내가 필요합니다.
2024-10-14 11:28:47,복지,구로구 출산장려금 신청,구로구 출산장려금 신청에 대한 답변입니다. 담당부서 연결 또는 관련 웹사이트 안내가 필요합니다.
2025-03-05 22:18:25,환경,강북구 분리수거 방법,강북구 분리수거 방법에 대한 답변입니다. 담당부서 연결 또는 관련 웹사이트 안내가 필요합니다.
2025-04-05 06:05:13,교통,영등포구 따릉이 이용 문의,영등포구 따릉이 이용 문의에 대한 답변입니다. 담당부서 연결 또는 관련 웹사이트 안내가 필요합니다.
2025-01-15 02:08:28,복지,도봉구 출산장려금 신청,도봉구 출산장려금 신청에 대한 답변입니다. 담당부서 연결 또는 관련 웹사이트 안내가 필요합니다.
2024-10-25 04:16:05,환경,동구 미세먼지 문의,동구 미세먼지 문의에 대한 답변입니다. 담당부서 연결 또는 관련 웹사이트 안내가 필요합니다.
2024-09-30 22:34:54,환경,북구 대형 폐기물 처리,북구 대형 폐기물 처리에 대한 답변입니다. 담당부서 연결 또는 관련 웹사이트 안내가 필요합니다.
2025-06-20 16:10:35,환경,중랑구 대형 폐기물 처리,중랑구 대형 폐기물 처리에 대한 답변입니다. 담당부서 연결 또는 관련 웹사이트 안내가 필요합니다.
2024-12-10 16:48:46,세무,마포구 자동차세 연납 신청,마포구 자동차세 연납 신청에 대한 답변입니다. 담당부서 연결 또는 관련 웹사이트 안내가 필요합니다.
2024-10-21 02:58:28,교통,동작구 따릉이 이용 문의,동작구 따릉이 이용 문의에 대한 답변입니다. 담당부서 연결 또는 관련 웹사이트 안내가 필요합니다.
2024-12-11 20:52:43,주택,남구 공공임대주택 입주,남구 공공임대주택 입주에 대한 답변입니다. 담당부서 연결 또는 관련 웹사이트 안내가 필요합니다.
2024-11-03 13:46:10,환경,도봉구 대형 폐기물 처리,도봉구 대형 폐기물 처리에 대한 답변입니다. 담당부서 연결 또는 관련 웹사이트 안내가 필요합니다.
2025-05-29 21:13:12,복지,광진구 기초생활수급자 신청,광진구 기초생활수급자 신청에 대한 답변입니다. 담당부서 연결 또는 관련 웹사이트 안내가 필요합니다.
2025-02-12 18:06:31,일반행정,마포구 구청 업무 시간,마포구 구청 업무 시간에 대한 답변입니다. 담당부서 연결 또는 관련 웹사이트 안내가 필요합니다.
2025-04-21 12:06:53,세무,관악구 지방세 환급금 조회,관악구 지방세 환급금 조회에 대한 답변입니다. 담당부서 연결 또는 관련 웹사이트 안내가 필요합니다.
2024-09-09 22:07:54,교통,강서구 버스 노선 문의,강서구 버스 노선 문의에 대한 답변입니다. 담당부서 연결 또는 관련 웹사이트 안내가 필요합니다.
2025-06-24 00:40:32,환경,광진구 대형 폐기물 처리,광진구 대형 폐기물 처리에 대한 답변입니다. 담당부서 연결 또는 관련 웹사이트 안내가 필요합니다.
2024-12-10 13:26:27,주택,광진구 층간소음 해결,광진구 층간소음 해결에 대한 답변입니다. 담당부서 연결 또는 관련 웹사이트 안내가 필요합니다.
2025-01-29 15:11:27,세무,강서구 취득세 감면 문의,강서구 취득세 감면 문의에 대한 답변입니다. 담당부서 연결 또는 관련 웹사이트 안내가 필요합니다.
2025-03-23 15:36:40,복지,강남구 출산장려금 신청,강남구 출산장려금 신청에 대한 답변입니다. 담당부서 연결 또는 관련 웹사이트 안내가 필요합니다.
2025-08-06 22:14:37,복지,구로구 어르신 지원 문의,구로구 어르신 지원 문의에 대한 답변입니다. 담당부서 연결 또는 관련 웹사이트 안내가 필요합니다.
2025-06-12 00:32:01,환경,강남구 분리수거 방법,강남구 분리수거 방법에 대한 답변입니다. 담당부서 연결 또는 관련 웹사이트 안내가 필요합니다.
2025-03-21 18:45:09,환경,용산구 대형 폐기물 처리,용산구 대형 폐기물 처리에 대한 답변입니다. 담당부서 연결 또는 관련 웹사이트 안내가 필요합니다.
2024-10-07 14:12:16,일반행정,성북구 주민등록등본 발급,성북구 주민등록등본 발급에 대한 답변입니다. 담당부서 연결 또는 관련 웹사이트 안내가 필요합니다.
2025-07-07 03:14:58,교통,광진구 따릉이 이용 문의,광진구 따릉이 이용 문의에 대한 답변입니다. 담당부서 연결 또는 관련 웹사이트 안내가 필요합니다.
2024-12-09 09:51:30,환경,중랑구 음식물 쓰레기 배출,중랑구 음식물 쓰레기 배출에 대한 답변입니다. 담당부서 연결 또는 관련 웹사이트 안내가 필요합니다.
2025-01-09 02:06:07,세무,성동구 연말정산 문의,성동구 연말정산 문의에 대한 답변입니다. 담당부서 연결 또는 관련 웹사이트 안내가 필요합니다.
2025-06-22 14:03:18,교통,동구 불법주정차 신고,동구 불법주정차 신고에 대한 답변입니다. 담당부서 연결 또는 관련 웹사이트 안내가 필요합니다.
2024-10-03 10:28:01,환경,서초구 미세먼지 문의,서초구 미세먼지 문의에 대한 답변입니다. 담당부서 연결 또는 관련 웹사이트 안내가 필요합니다.
2025-02-08 21:20:22,교통,서구 버스 노선 문의,서구 버스 노선 문의에 대한 답변입니다. 담당부서 연결 또는 관련 웹사이트 안내가 필요합니다.
2025-05-11 12:31:10,세무,북구 자동차세 연납 신청,북구 자동차세 연납 신청에 대한 답변입니다. 담당부서 연결 또는 관련 웹사이트 안내가 필요합니다.
2025-06-06 08:24:36,환경,노원구 분리수거 방법,노원구 분리수거 방법에 대한 답변입니다. 담당부서 연결 또는 관련 웹사이트 안내가 필요합니다.
2025-01-15 21:04:17,일반행정,서대문구 구청 업무 시간,서대문구 구청 업무 시간에 대한 답변입니다. 담당부서 연결 또는 관련 웹사이트 안내가 필요합니다.
2025-08-03 00:03:02,복지,광진구 어르신 지원 문의,광진구 어르신 지원 문의에 대한 답변입니다. 담당부서 연결 또는 관련 웹사이트 안내가 필요합니다.
2025-01-28 01:56:53,복지,중랑구 출산장려금 신청,중랑구 출산장려금 신청에 대한 답변입니다. 담당부서 연결 또는 관련 웹사이트 안내가 필요합니다.
2024-09-22 07:20:54,복지,마포구 장애인 서비스 문의,마포구 장애인 서비스 문의에 대한 답변입니다. 담당부서 연결 또는 관련 웹사이트 안내가 필요합니다.
2024-11-29 16:31:29,교통,강서구 따릉이 이용 문의,강서구 따릉이 이용 문의에 대한 답변입니다. 담당부서 연결 또는 관련 웹사이트 안내가 필요합니다.
2024-12-18 05:54:50,일반행정,서대문구 지원금 신청 마감일,서대문구 지원금 신청 마감일에 대한 답변입니다. 담당부서 연결 또는 관련 웹사이트 안내가 필요합니다.
2025-04-08 22:07:47,환경,영등포구 대형 폐기물 처리,영등포구 대형 폐기물 처리에 대한 답변입니다. 담당부서 연결 또는 관련 웹사이트 안내가 필요합니다.
2025-08-15 00:41:58,복지,용산구 기초생활수급자 신청,용산구 기초생활수급자 신청에 대한 답변입니다. 담당부서 연결 또는 관련 웹사이트 안내가 필요합니다.
2024-12-11 03:17:54,교통,중구 버스 노선 문의,중구 버스 노선 문의에 대한 답변입니다. 담당부서 연결 또는 관련 웹사이트 안내가 필요합니다.
2025-03-04 08:27:09,환경,용산구 대형 폐기물 처리,용산구 대형 폐기물 처리에 대한 답변입니다. 담당부서 연결 또는 관련 웹사이트 안내가 필요합니다.
2024-10-21 08:17:39,환경,마포구 음식물 쓰레기 배출,마포구 음식물 쓰레기 배출에 대한 답변입니다. 담당부서 연결 또는 관련 웹사이트 안내가 필요합니다.
2024-12-15 11:45:33,복지,송파구 어르신 지원 문의,송파구 어르신 지원 문의에 대한 답변입니다. 담당부서 연결 또는 관련 웹사이트 안내가 필요합니다.
2025-04-30 18:23:12,환경,동구 음식물 쓰레기 배출,동구 음식물 쓰레기 배출에 대한 답변입니다. 담당부서 연결 또는 관련 웹사이트 안내가 필요합니다.
2025-05-08 07:14:26,세무,동작구 지방세 환급금 조회,동작구 지방세 환급금 조회에 대한 답변입니다. 담당부서 연결 또는 관련 웹사이트 안내가 필요합니다.
2025-01-19 14:34:55,일반행정,남구 구청 업무 시간,남구 구청 업무 시간에 대한 답변입니다. 담당부서 연결 또는 관련 웹사이트 안내가 필요합니다.
2025-03-24 12:10:15,주택,성북구 공공임대주택 입주,성북구 공공임대주택 입주에 대한 답변입니다. 담당부서 연결 또는 관련 웹사이트 안내가 필요합니다.
2025-06-04 02:38:21,세무,노원구 지방세 환급금 조회,노원구 지방세 환급금 조회에 대한 답변입니다. 담당부서 연결 또는 관련 웹사이트 안내가 필요합니다.
2025-01-20 13:26:08,복지,노원구 장애인 서비스 문의,노원구 장애인 서비스 문의에 대한 답변입니다. 담당부서 연결 또는 관련 웹사이트 안내가 필요합니다.
2025-05-04 04:38:52,세무,구로구 취득세 감면 문의,구로구 취득세 감면 문의에 대한 답변입니다. 담당부서 연결 또는 관련 웹사이트 안내가 필요합니다.
2024-10-22 12:00:30,세무,동구 지방세 환급금 조회,동구 지방세 환급금 조회에 대한 답변입니다. 담당부서 연결 또는 관련 웹사이트 안내가 필요합니다.
2024-10-30 20:39:27,교통,성북구 불법주정차 신고,성북구 불법주정차 신고에 대한 답변입니다. 담당부서 연결 또는 관련 웹사이트 안내가 필요합니다.
2025-01-25 07:26:01,복지,동작구 어르신 지원 문의,동작구 어르신 지원 문의에 대한 답변입니다. 담당부서 연결 또는 관련 웹사이트 안내가 필요합니다.
2024-12-24 18:02:55,일반행정,강북구 지원금 신청 마감일,강북구 지원금 신청 마감일에 대한 답변입니다. 담당부서 연결 또는 관련 웹사이트 안내가 필요합니다.
2025-08-07 08:57:27,교통,동작구 불법주정차 신고,동작구 불법주정차 신고에 대한 답변입니다. 담당부서 연결 또는 관련 웹사이트 안내가 필요합니다.
2025-03-16 19:07:07,세무,남구 지방세 환급금 조회,남구 지방세 환급금 조회에 대한 답변입니다. 담당부서 연결 또는 관련 웹사이트 안내가 필요합니다.
2025-04-11 05:33:55,교통,동구 따릉이 이용 문의,동구 따릉이 이용 문의에 대한 답변입니다. 담당부서 연결 또는 관련 웹사이트 안내가 필요합니다.
2025-01-26 20:30:41,일반행정,관악구 구청 업무 시간,관악구 구청 업무 시간에 대한 답변입니다. 담당부서 연결 또는 관련 웹사이트 안내가 필요합니다.
2025-06-09 20:50:07,일반행정,동구 여권 발급 준비물,동구 여권 발급 준비물에 대한 답변입니다. 담당부서 연결 또는 관련 웹사이트 안내가 필요합니다.
2025-05-17 12:40:35,일반행정,강동구 여권 발급 준비물,강동구 여권 발급 준비물에 대한 답변입니다. 담당부서 연결 또는 관련 웹사이트 안내가 필요합니다.
2024-11-20 05:59:50,복지,강남구 출산장려금 신청,강남구 출산장려금 신청에 대한 답변입니다. 담당부서 연결 또는 관련 웹사이트 안내가 필요합니다.
2025-01-17 11:17:48,세무,도봉구 취득세 감면 문의,도봉구 취득세 감면 문의에 대한 답변입니다. 담당부서 연결 또는 관련 웹사이트 안내가 필요합니다.
2024-11-29 00:26:50,세무,송파구 지방세 환급금 조회,송파구 지방세 환급금 조회에 대한 답변입니다. 담당부서 연결 또는 관련 웹사이트 안내가 필요합니다.
2024-09-15 04:15:52,환경,서초구 음식물 쓰레기 배출,서초구 음식물 쓰레기 배출에 대한 답변입니다. 담당부서 연결 또는 관련 웹사이트 안내가 필요합니다.
2025-03-30 23:01:42,주택,동구 공공임대주택 입주,동구 공공임대주택 입주에 대한 답변입니다. 담당부서 연결 또는 관련 웹사이트 안내가 필요합니다.
2024-09-05 18:23:22,환경,송파구 대형 폐기물 처리,송파구 대형 폐기물 처리에 대한 답변입니다. 담당부서 연결 또는 관련 웹사이트 안내가 필요합니다.
2025-04-14 11:53:01,교통,금천구 버스 노선 문의,금천구 버스 노선 문의에 대한 답변입니다. 담당부서 연결 또는 관련 웹사이트 안내가 필요합니다.
2024-12-16 04:22:50,복지,도봉구 기초생활수급자 신청,도봉구 기초생활수급자 신청에 대한 답변입니다. 담당부서 연결 또는 관련 웹사이트 안내가 필요합니다.
2024-12-31 14:34:33,세무,서구 지방세 환급금 조회,서구 지방세 환급금 조회에 대한 답변입니다. 담당부서 연결 또는 관련 웹사이트 안내가 필요합니다.
2025-06-08 19:17:21,주택,강동구 층간소음 해결,강동구 층간소음 해결에 대한 답변입니다. 담당부서 연결 또는 관련 웹사이트 안내가 필요합니다.
2024-11-01 23:48:00,복지,동작구 출산장려금 신청,동작구 출산장려금 신청에 대한 답변입니다. 담당부서 연결 또는 관련 웹사이트 안내가 필요합니다.
2025-02-02 15:49:44,교통,북구 버스 노선 문의,북구 버스 노선 문의에 대한 답변입니다. 담당부서 연결 또는 관련 웹사이트 안내가 필요합니다.
2025-01-12 10:10:32,복지,서대문구 장애인 서비스 문의,서대문구 장애인 서비스 문의에 대한 답변입니다. 담당부서 연결 또는 관련 웹사이트 안내가 필요합니다.
2025-06-16 19:11:11,복지,북구 기초생활수급자 신청,북구 기초생활수급자 신청에 대한 답변입니다. 담당부서 연결 또는 관련 웹사이트 안내가 필요합니다.
2025-08-20 22:40:06,환경,중구 분리수거 방법,중구 분리수거 방법에 대한 답변입니다. 담당부서 연결 또는 관련 웹사이트 안내가 필요합니다.
2025-06-10 18:09:14,교통,용산구 지하철 막차 시간,용산구 지하철 막차 시간에 대한 답변입니다. 담당부서 연결 또는 관련 웹사이트 안내가 필요합니다.
2025-05-25 00:18:21,세무,강남구 취득세 감면 문의,강남구 취득세 감면 문의에 대한 답변입니다. 담당부서 연결 또는 관련 웹사이트 안내가 필요합니다.
2025-01-13 17:00:38,일반행정,용산구 지원금 신청 마감일,용산구 지원금 신청 마감일에 대한 답변입니다. 담당부서 연결 또는 관련 웹사이트 안내가 필요합니다.
2025-03-01 02:56:51,일반행정,서대문구 여권 발급 준비물,서대문구 여권 발급 준비물에 대한 답변입니다. 담당부서 연결 또는 관련 웹사이트 안내가 필요합니다.
2024-10-22 16:36:52,환경,금천구 분리수거 방법,금천구 분리수거 방법에 대한 답변입니다. 담당부서 연결 또는 관련 웹사이트 안내가 필요합니다.
2024-09-01 15:13:49,주택,성동구 층간소음 해결,성동구 층간소음 해결에 대한 답변입니다. 담당부서 연결 또는 관련 웹사이트 안내가 필요합니다.
2024-08-27 22:40:23,복지,은평구 장애인 서비스 문의,은평구 장애인 서비스 문의에 대한 답변입니다. 담당부서 연결 또는 관련 웹사이트 안내가 필요합니다.
2025-01-28 22:44:26,복지,구로구 어르신 지원 문의,구로구 어르신 지원 문의에 대한 답변입니다. 담당부서 연결 또는 관련 웹사이트 안내가 필요합니다.
2025-04-26 07:35:18,일반행정,중랑구 여권 발급 준비물,중랑구 여권 발급 준비물에 대한 답변입니다. 담당부서 연결 또는 관련 웹사이트 안내가 필요합니다.
2025-02-12 18:36:40,교통,강동구 버스 노선 문의,강동구 버스 노선 문의에 대한 답변입니다. 담당부서 연결 또는 관련 웹사이트 안내가 필요합니다.
2024-10-09 22:48:24,교통,금천구 불법주정차 신고,금천구 불법주정차 신고에 대한 답변입니다. 담당부서 연결 또는 관련 웹사이트 안내가 필요합니다.
2025-05-25 11:28:13,복지,남구 어르신 지원 문의,남구 어르신 지원 문의에 대한 답변입니다. 담당부서 연결 또는 관련 웹사이트 안내가 필요합니다.
2025-06-27 20:32:54,세무,강서구 연말정산 문의,강서구 연말정산 문의에 대한 답변입니다. 담당부서 연결 또는 관련 웹사이트 안내가 필요합니다.
2025-06-20 13:51:31,환경,종로구 미세먼지 문의,종로구 미세먼지 문의에 대한 답변입니다. 담당부서 연결 또는 관련 웹사이트 안내가 필요합니다.
2024-10-28 10:37:25,주택,중구 전세보증금 반환보증,중구 전세보증금 반환보증에 대한 답변입니다. 담당부서 연결 또는 관련 웹사이트 안내가 필요합니다.
2024-12-30 06:25:10,교통,구로구 버스 노선 문의,구로구 버스 노선 문의에 대한 답변입니다. 담당부서 연결 또는 관련 웹사이트 안내가 필요합니다.
2024-10-06 19:02:47,교통,동작구 버스 노선 문의,동작구 버스 노선 문의에 대한 답변입니다. 담당부서 연결 또는 관련 웹사이트 안내가 필요합니다.
2025-04-13 14:53:18,세무,노원구 자동차세 연납 신청,노원구 자동차세 연납 신청에 대한 답변입니다. 담당부서 연결 또는 관련 웹사이트 안내가 필요합니다.
2025-01-19 18:41:40,복지,송파구 어르신 지원 문의,송파구 어르신 지원 문의에 대한 답변입니다. 담당부서 연결 또는 관련 웹사이트 안내가 필요합니다.
2024-11-12 18:51:48,세무,광진구 연말정산 문의,광진구 연말정산 문의에 대한 답변입니다. 담당부서 연결 또는 관련 웹사이트 안내가 필요합니다.
2025-04-29 16:41:05,주택,종로구 층간소음 해결,종로구 층간소음 해결에 대한 답변입니다. 담당부서 연결 또는 관련 웹사이트 안내가 필요합니다.
2025-02-17 11:32:39,환경,중구 분리수거 방법,중구 분리수거 방법에 대한 답변입니다. 담당부서 연결 또는 관련 웹사이트 안내가 필요합니다.
2025-04-23 09:10:07,환경,서초구 대형 폐기물 처리,서초구 대형 폐기물 처리에 대한 답변입니다. 담당부서 연결 또는 관련 웹사이트 안내가 필요합니다.
2025-01-20 20:27:49,일반행정,중구 주민등록등본 발급,중구 주민등록등본 발급에 대한 답변입니다. 담당부서 연결 또는 관련 웹사이트 안내가 필요합니다.
2024-10-22 14:16:54,환경,동작구 미세먼지 문의,동작구 미세먼지 문의에 대한 답변입니다. 담당부서 연결 또는 관련 웹사이트 안내가 필요합니다.
2025-06-16 23:49:19,환경,성동구 분리수거 방법,성동구 분리수거 방법에 대한 답변입니다. 담당부서 연결 또는 관련 웹사이트 안내가 필요합니다.
2025-07-18 18:58:07,교통,동구 버스 노선 문의,동구 버스 노선 문의에 대한 답변입니다. 담당부서 연결 또는 관련 웹사이트 안내가 필요합니다.
2024-10-25 00:30:04,세무,중랑구 자동차세 연납 신청,중랑구 자동차세 연납 신청에 대한 답변입니다. 담당부서 연결 또는 관련 웹사이트 안내가 필요합니다.
2025-04-09 16:34:43,일반행정,구로구 여권 발급 준비물,구로구 여권 발급 준비물에 대한 답변입니다. 담당부서 연결 또는 관련 웹사이트 안내가 필요합니다.
2025-03-27 14:20:55,일반행정,용산구 지원금 신청 마감일,용산구 지원금 신청 마감일에 대한 답변입니다. 담당부서 연결 또는 관련 웹사이트 안내가 필요합니다.
2025-02-25 17:33:37,환경,중구 미세먼지 문의,중구 미세먼지 문의에 대한 답변입니다. 담당부서 연결 또는 관련 웹사이트 안내가 필요합니다.
2025-04-23 02:06:19,교통,은평구 버스 노선 문의,은평구 버스 노선 문의에 대한 답변입니다. 담당부서 연결 또는 관련 웹사이트 안내가 필요합니다.
2025-01-20 07:15:28,일반행정,서대문구 주민등록등본 발급,서대문구 주민등록등본 발급에 대한 답변입니다. 담당부서 연결 또는 관련 웹사이트 안내가 필요합니다.
2024-12-12 10:26:52,교통,강북구 따릉이 이용 문의,강북구 따릉이 이용 문의에 대한 답변입니다. 담당부서 연결 또는 관련 웹사이트 안내가 필요합니다.
2025-06-19 23:15:24,복지,마포구 기초생활수급자 신청,마포구 기초생활수급자 신청에 대한 답변입니다. 담당부서 연결 또는 관련 웹사이트 안내가 필요합니다.
2025-05-11 10:48:12,복지,강북구 어르신 지원 문의,강북구 어르신 지원 문의에 대한 답변입니다. 담당부서 연결 또는 관련 웹사이트 안내가 필요합니다.
2024-12-26 19:15:57,일반행정,양천구 주민등록등본 발급,양천구 주민등록등본 발급에 대한 답변입니다. 담당부서 연결 또는 관련 웹사이트 안내가 필요합니다.
2025-06-03 06:40:47,교통,남구 지하철 막차 시간,남구 지하철 막차 시간에 대한 답변입니다. 담당부서 연결 또는 관련 웹사이트 안내가 필요합니다.
2024-09-03 03:47:11,주택,영등포구 층간소음 해결,영등포구 층간소음 해결에 대한 답변입니다. 담당부서 연결 또는 관련 웹사이트 안내가 필요합니다.
2025-03-02 05:09:12,교통,성북구 버스 노선 문의,성북구 버스 노선 문의에 대한 답변입니다. 담당부서 연결 또는 관련 웹사이트 안내가 필요합니다.
2024-09-11 10:19:41,주택,중랑구 공공임대주택 입주,중랑구 공공임대주택 입주에 대한 답변입니다. 담당부서 연결 또는 관련 웹사이트 안내가 필요합니다.
2025-03-07 18:23:02,교통,양천구 불법주정차 신고,양천구 불법주정차 신고에 대한 답변입니다. 담당부서 연결 또는 관련 웹사이트 안내가 필요합니다.
2025-07-19 03:30:36,교통,북구 불법주정차 신고,북구 불법주정차 신고에 대한 답변입니다. 담당부서 연결 또는 관련 웹사이트 안내가 필요합니다.
2025-01-20 06:22:54,세무,광진구 자동차세 연납 신청,광진구 자동차세 연납 신청에 대한 답변입니다. 담당부서 연결 또는 관련 웹사이트 안내가 필요합니다.
2025-07-28 11:42:08,복지,용산구 어르신 지원 문의,용산구 어르신 지원 문의에 대한 답변입니다. 담당부서 연결 또는 관련 웹사이트 안내가 필요합니다.
2025-07-09 19:48:30,교통,서대문구 지하철 막차 시간,서대문구 지하철 막차 시간에 대한 답변입니다. 담당부서 연결 또는 관련 웹사이트 안내가 필요합니다.
2024-09-20 18:54:32,세무,서대문구 연말정산 문의,서대문구 연말정산 문의에 대한 답변입니다. 담당부서 연결 또는 관련 웹사이트 안내가 필요합니다.
2024-11-22 18:01:01,복지,성북구 어르신 지원 문의,성북구 어르신 지원 문의에 대한 답변입니다. 담당부서 연결 또는 관련 웹사이트 안내가 필요합니다.
2024-11-07 09:55:47,환경,서대문구 분리수거 방법,서대문구 분리수거 방법에 대한 답변입니다. 담당부서 연결 또는 관련 웹사이트 안내가 필요합니다.
2025-06-04 05:13:44,일반행정,마포구 지원금 신청 마감일,마포구 지원금 신청 마감일에 대한 답변입니다. 담당부서 연결 또는 관련 웹사이트 안내가 필요합니다.
2025-05-29 18:02:56,일반행정,도봉구 구청 업무 시간,도봉구 구청 업무 시간에 대한 답변입니다. 담당부서 연결 또는 관련 웹사이트 안내가 필요합니다.
2025-07-06 22:46:18,교통,송파구 따릉이 이용 문의,송파구 따릉이 이용 문의에 대한 답변입니다. 담당부서 연결 또는 관련 웹사이트 안내가 필요합니다.
2025-08-15 22:35:34,환경,중랑구 대형 폐기물 처리,중랑구 대형 폐기물 처리에 대한 답변입니다. 담당부서 연결 또는 관련 웹사이트 안내가 필요합니다.
2025-04-20 08:56:44,복지,마포구 기초생활수급자 신청,마포구 기초생활수급자 신청에 대한 답변입니다. 담당부서 연결 또는 관련 웹사이트 안내가 필요합니다.
2025-01-09 11:38:48,일반행정,도봉구 주민등록등본 발급,도봉구 주민등록등본 발급에 대한 답변입니다. 담당부서 연결 또는 관련 웹사이트 안내가 필요합니다.
2024-12-20 08:50:48,복지,금천구 어르신 지원 문의,금천구 어르신 지원 문의에 대한 답변입니다. 담당부서 연결 또는 관련 웹사이트 안내가 필요합니다.
2025-07-28 07:23:07,복지,구로구 출산장려금 신청,구로구 출산장려금 신청에 대한 답변입니다. 담당부서 연결 또는 관련 웹사이트 안내가 필요합니다.
2025-04-17 05:56:43,교통,서구 버스 노선 문의,서구 버스 노선 문의에 대한 답변입니다. 담당부서 연결 또는 관련 웹사이트 안내가 필요합니다.
2024-12-29 02:47:42,세무,은평구 지방세 환급금 조회,은평구 지방세 환급금 조회에 대한 답변입니다. 담당부서 연결 또는 관련 웹사이트 안내가 필요합니다.
2025-07-23 18:03:57,환경,북구 대형 폐기물 처리,북구 대형 폐기물 처리에 대한 답변입니다. 담당부서 연결 또는 관련 웹사이트 안내가 필요합니다.
2024-10-11 15:53:08,환경,남구 음식물 쓰레기 배출,남구 음식물 쓰레기 배출에 대한 답변입니다. 담당부서 연결 또는 관련 웹사이트 안내가 필요합니다.
2024-09-13 09:31:45,복지,동대문구 출산장려금 신청,동대문구 출산장려금 신청에 대한 답변입니다. 담당부서 연결 또는 관련 웹사이트 안내가 필요합니다.
2025-06-18 01:40:48,세무,마포구 연말정산 문의,마포구 연말정산 문의에 대한 답변입니다. 담당부서 연결 또는 관련 웹사이트 안내가 필요합니다.
2025-04-24 20:19:43,환경,용산구 대형 폐기물 처리,용산구 대형 폐기물 처리에 대한 답변입니다. 담당부서 연결 또는 관련 웹사이트 안내가 필요합니다.
2024-08-27 01:32:10,환경,남구 음식물 쓰레기 배출,남구 음식물 쓰레기 배출에 대한 답변입니다. 담당부서 연결 또는 관련 웹사이트 안내가 필요합니다.
2025-02-11 06:14:51,환경,영등포구 대형 폐기물 처리,영등포구 대형 폐기물 처리에 대한 답변입니다. 담당부서 연결 또는 관련 웹사이트 안내가 필요합니다.
2025-03-14 20:26:00,복지,성동구 출산장려금 신청,성동구 출산장려금 신청에 대한 답변입니다. 담당부서 연결 또는 관련 웹사이트 안내가 필요합니다.
2024-11-22 12:26:47,교통,은평구 버스 노선 문의,은평구 버스 노선 문의에 대한 답변입니다. 담당부서 연결 또는 관련 웹사이트 안내가 필요합니다.
2025-04-28 11:25:58,세무,금천구 자동차세 연납 신청,금천구 자동차세 연납 신청에 대한 답변입니다. 담당부서 연결 또는 관련 웹사이트 안내가 필요합니다.
2024-10-07 09:22:44,주택,마포구 주택 수리 지원,마포구 주택 수리 지원에 대한 답변입니다. 담당부서 연결 또는 관련 웹사이트 안내가 필요합니다.
2024-12-24 17:12:29,교통,금천구 지하철 막차 시간,금천구 지하철 막차 시간에 대한 답변입니다. 담당부서 연결 또는 관련 웹사이트 안내가 필요합니다.
2025-03-02 22:51:22,복지,중구 출산장려금 신청,중구 출산장려금 신청에 대한 답변입니다. 담당부서 연결 또는 관련 웹사이트 안내가 필요합니다.
2024-09-30 06:39:04,환경,동작구 분리수거 방법,동작구 분리수거 방법에 대한 답변입니다. 담당부서 연결 또는 관련 웹사이트 안내가 필요합니다.
2025-01-05 12:59:39,세무,구로구 자동차세 연납 신청,구로구 자동차세 연납 신청에 대한 답변입니다. 담당부서 연결 또는 관련 웹사이트 안내가 필요합니다.
2024-10-11 03:38:09,일반행정,구로구 구청 업무 시간,구로구 구청 업무 시간에 대한 답변입니다. 담당부서 연결 또는 관련 웹사이트 안내가 필요합니다.
2024-11-04 14:30:10,세무,중구 연말정산 문의,중구 연말정산 문의에 대한 답변입니다. 담당부서 연결 또는 관련 웹사이트 안내가 필요합니다.
2024-11-09 17:57:13,복지,마포구 장애인 서비스 문의,마포구 장애인 서비스 문의에 대한 답변입니다. 담당부서 연결 또는 관련 웹사이트 안내가 필요합니다.
2024-10-23 21:26:10,교통,송파구 지하철 막차 시간,송파구 지하철 막차 시간에 대한 답변입니다. 담당부서 연결 또는 관련 웹사이트 안내가 필요합니다.
2025-05-20 10:44:10,복지,강남구 어르신 지원 문의,강남구 어르신 지원 문의에 대한 답변입니다. 담당부서 연결 또는 관련 웹사이트 안내가 필요합니다.
2024-09-07 13:23:22,일반행정,종로구 여권 발급 준비물,종로구 여권 발급 준비물에 대한 답변입니다. 담당부서 연결 또는 관련 웹사이트 안내가 필요합니다.
2025-04-24 10:46:07,주택,서초구 공공임대주택 입주,서초구 공공임대주택 입주에 대한 답변입니다. 담당부서 연결 또는 관련 웹사이트 안내가 필요합니다.
2024-09-17 03:47:17,복지,서구 어르신 지원 문의,서구 어르신 지원 문의에 대한 답변입니다. 담당부서 연결 또는 관련 웹사이트 안내가 필요합니다.
2025-04-10 02:30:39,복지,중랑구 출산장려금 신청,중랑구 출산장려금 신청에 대한 답변입니다. 담당부서 연결 또는 관련 웹사이트 안내가 필요합니다.
2024-12-02 11:18:56,교통,강서구 버스 노선 문의,강서구 버스 노선 문의에 대한 답변입니다. 담당부서 연결 또는 관련 웹사이트 안내가 필요합니다.
2025-08-10 00:34:45,환경,동대문구 대형 폐기물 처리,동대문구 대형 폐기물 처리에 대한 답변입니다. 담당부서 연결 또는 관련 웹사이트 안내가 필요합니다.
2025-04-06 03:54:00,교통,마포구 지하철 막차 시간,마포구 지하철 막차 시간에 대한 답변입니다. 담당부서 연결 또는 관련 웹사이트 안내가 필요합니다.
2025-08-12 13:48:20,복지,도봉구 어르신 지원 문의,도봉구 어르신 지원 문의에 대한 답변입니다. 담당부서 연결 또는 관련 웹사이트 안내가 필요합니다.
2025-03-16 17:01:26,복지,관악구 어르신 지원 문의,관악구 어르신 지원 문의에 대한 답변입니다. 담당부서 연결 또는 관련 웹사이트 안내가 필요합니다.
2025-06-18 15:01:53,주택,성북구 전세보증금 반환보증,성북구 전세보증금 반환보증에 대한 답변입니다. 담당부서 연결 또는 관련 웹사이트 안내가 필요합니다.
2024-10-01 12:36:41,세무,동구 취득세 감면 문의,동구 취득세 감면 문의에 대한 답변입니다. 담당부서 연결 또는 관련 웹사이트 안내가 필요합니다.
2025-07-29 21:48:37,환경,종로구 대형 폐기물 처리,종로구 대형 폐기물 처리에 대한 답변입니다. 담당부서 연결 또는 관련 웹사이트 안내가 필요합니다.
2025-08-21 10:14:59,복지,구로구 장애인 서비스 문의,구로구 장애인 서비스 문의에 대한 답변입니다. 담당부서 연결 또는 관련 웹사이트 안내가 필요합니다.
2024-10-17 03:06:54,교통,중랑구 버스 노선 문의,중랑구 버스 노선 문의에 대한 답변입니다. 담당부서 연결 또는 관련 웹사이트 안내가 필요합니다.
2024-10-16 23:20:04,교통,동구 지하철 막차 시간,동구 지하철 막차 시간에 대한 답변입니다. 담당부서 연결 또는 관련 웹사이트 안내가 필요합니다.
2024-10-26 13:24:17,복지,중랑구 장애인 서비스 문의,중랑구 장애인 서비스 문의에 대한 답변입니다. 담당부서 연결 또는 관련 웹사이트 안내가 필요합니다.
2024-12-09 12:45:59,일반행정,중구 주민등록등본 발급,중구 주민등록등본 발급에 대한 답변입니다. 담당부서 연결 또는 관련 웹사이트 안내가 필요합니다.
2024-12-07 16:43:24,주택,송파구 층간소음 해결,송파구 층간소음 해결에 대한 답변입니다. 담당부서 연결 또는 관련 웹사이트 안내가 필요합니다.
2025-06-08 21:42:49,주택,서초구 공공임대주택 입주,서초구 공공임대주택 입주에 대한 답변입니다. 담당부서 연결 또는 관련 웹사이트 안내가 필요합니다.
2024-10-30 16:31:53,세무,강북구 연말정산 문의,강북구 연말정산 문의에 대한 답변입니다. 담당부서 연결 또는 관련 웹사이트 안내가 필요합니다.
2024-10-03 17:33:18,세무,중랑구 연말정산 문의,중랑구 연말정산 문의에 대한 답변입니다. 담당부서 연결 또는 관련 웹사이트 안내가 필요합니다.
2025-04-02 01:45:37,주택,노원구 주택 수리 지원,노원구 주택 수리 지원에 대한 답변입니다. 담당부서 연결 또는 관련 웹사이트 안내가 필요합니다.
2024-10-28 20:14:28,주택,성북구 공공임대주택 입주,성북구 공공임대주택 입주에 대한 답변입니다. 담당부서 연결 또는 관련 웹사이트 안내가 필요합니다.
2025-03-28 22:02:55,주택,양천구 전세보증금 반환보증,양천구 전세보증금 반환보증에 대한 답변입니다. 담당부서 연결 또는 관련 웹사이트 안내가 필요합니다.
2024-11-13 23:59:59,일반행정,남구 지원금 신청 마감일,남구 지원금 신청 마감일에 대한 답변입니다. 담당부서 연결 또는 관련 웹사이트 안내가 필요합니다.
2025-06-08 18:59:14,환경,은평구 음식물 쓰레기 배출,은평구 음식물 쓰레기 배출에 대한 답변입니다. 담당부서 연결 또는 관련 웹사이트 안내가 필요합니다.
2025-01-30 15:57:42,복지,강서구 출산장려금 신청,강서구 출산장려금 신청에 대한 답변입니다. 담당부서 연결 또는 관련 웹사이트 안내가 필요합니다.
2024-09-27 14:56:46,환경,구로구 분리수거 방법,구로구 분리수거 방법에 대한 답변입니다. 담당부서 연결 또는 관련 웹사이트 안내가 필요합니다.
2025-07-24 00:58:34,복지,광진구 장애인 서비스 문의,광진구 장애인 서비스 문의에 대한 답변입니다. 담당부서 연결 또는 관련 웹사이트 안내가 필요합니다.
2025-02-15 21:11:45,복지,노원구 출산장려금 신청,노원구 출산장려금 신청에 대한 답변입니다. 담당부서 연결 또는 관련 웹사이트 안내가 필요합니다.
2024-12-06 06:01:37,일반행정,노원구 구청 업무 시간,노원구 구청 업무 시간에 대한 답변입니다. 담당부서 연결 또는 관련 웹사이트 안내가 필요합니다.
2025-08-13 06:38:50,교통,동작구 지하철 막차 시간,동작구 지하철 막차 시간에 대한 답변입니다. 담당부서 연결 또는 관련 웹사이트 안내가 필요합니다.
2025-05-29 00:01:12,세무,양천구 자동차세 연납 신청,양천구 자동차세 연납 신청에 대한 답변입니다. 담당부서 연결 또는 관련 웹사이트 안내가 필요합니다.
2025-08-04 14:38:54,교통,광진구 불법주정차 신고,광진구 불법주정차 신고에 대한 답변입니다. 담당부서 연결 또는 관련 웹사이트 안내가 필요합니다.
2025-07-05 21:27:17,환경,구로구 미세먼지 문의,구로구 미세먼지 문의에 대한 답변입니다. 담당부서 연결 또는 관련 웹사이트 안내가 필요합니다.
2025-03-06 17:56:34,주택,서구 주택 수리 지원,서구 주택 수리 지원에 대한 답변입니다. 담당부서 연결 또는 관련 웹사이트 안내가 필요합니다.
2025-04-10 13:51:59,세무,성북구 취득세 감면 문의,성북구 취득세 감면 문의에 대한 답변입니다. 담당부서 연결 또는 관련 웹사이트 안내가 필요합니다.
2025-07-04 05:27:54,환경,강동구 대형 폐기물 처리,강동구 대형 폐기물 처리에 대한 답변입니다. 담당부서 연결 또는 관련 웹사이트 안내가 필요합니다.
2025-01-07 04:30:49,일반행정,강서구 지원금 신청 마감일,강서구 지원금 신청 마감일에 대한 답변입니다. 담당부서 연결 또는 관련 웹사이트 안내가 필요합니다.
2025-01-27 20:14:29,세무,동작구 연말정산 문의,동작구 연말정산 문의에 대한 답변입니다. 담당부서 연결 또는 관련 웹사이트 안내가 필요합니다.
2025-03-25 11:15:54,교통,북구 지하철 막차 시간,북구 지하철 막차 시간에 대한 답변입니다. 담당부서 연결 또는 관련 웹사이트 안내가 필요합니다.
2025-06-24 04:39:52,복지,서대문구 어르신 지원 문의,서대문구 어르신 지원 문의에 대한 답변입니다. 담당부서 연결 또는 관련 웹사이트 안내가 필요합니다.
2025-07-24 22:57:52,환경,강남구 대형 폐기물 처리,강남구 대형 폐기물 처리에 대한 답변입니다. 담당부서 연결 또는 관련 웹사이트 안내가 필요합니다.
2025-02-14 08:15:58,세무,영등포구 연말정산 문의,영등포구 연말정산 문의에 대한 답변입니다. 담당부서 연결 또는 관련 웹사이트 안내가 필요합니다.
2024-09-01 07:00:46,복지,중구 장애인 서비스 문의,중구 장애인 서비스 문의에 대한 답변입니다. 담당부서 연결 또는 관련 웹사이트 안내가 필요합니다.
2025-08-01 11:04:20,복지,광진구 기초생활수급자 신청,광진구 기초생활수급자 신청에 대한 답변입니다. 담당부서 연결 또는 관련 웹사이트 안내가 필요합니다.
2025-07-23 04:20:10,복지,서구 출산장려금 신청,서구 출산장려금 신청에 대한 답변입니다. 담당부서 연결 또는 관련 웹사이트 안내가 필요합니다.
2024-11-21 01:16:15,복지,강북구 장애인 서비스 문의,강북구 장애인 서비스 문의에 대한 답변입니다. 담당부서 연결 또는 관련 웹사이트 안내가 필요합니다.
2024-10-20 17:24:23,세무,성북구 지방세 환급금 조회,성북구 지방세 환급금 조회에 대한 답변입니다. 담당부서 연결 또는 관련 웹사이트 안내가 필요합니다.
2025-04-24 10:52:01,세무,동작구 취득세 감면 문의,동작구 취득세 감면 문의에 대한 답변입니다. 담당부서 연결 또는 관련 웹사이트 안내가 필요합니다.
2025-05-03 06:53:44,일반행정,서초구 여권 발급 준비물,서초구 여권 발급 준비물에 대한 답변입니다. 담당부서 연결 또는 관련 웹사이트 안내가 필요합니다.
2025-02-05 05:59:26,교통,성북구 버스 노선 문의,성북구 버스 노선 문의에 대한 답변입니다. 담당부서 연결 또는 관련 웹사이트 안내가 필요합니다.
2025-06-17 21:48:20,교통,강서구 지하철 막차 시간,강서구 지하철 막차 시간에 대한 답변입니다. 담당부서 연결 또는 관련 웹사이트 안내가 필요합니다.
2025-02-28 15:38:14,일반행정,중구 여권 발급 준비물,중구 여권 발급 준비물에 대한 답변입니다. 담당부서 연결 또는 관련 웹사이트 안내가 필요합니다.
2025-07-05 16:54:37,복지,중랑구 어르신 지원 문의,중랑구 어르신 지원 문의에 대한 답변입니다. 담당부서 연결 또는 관련 웹사이트 안내가 필요합니다.
2025-04-24 14:46:34,교통,성동구 버스 노선 문의,성동구 버스 노선 문의에 대한 답변입니다. 담당부서 연결 또는 관련 웹사이트 안내가 필요합니다.
2025-04-03 03:12:32,주택,강북구 공공임대주택 입주,강북구 공공임대주택 입주에 대한 답변입니다. 담당부서 연결 또는 관련 웹사이트 안내가 필요합니다.
2024-10-21 13:47:55,주택,관악구 전세보증금 반환보증,관악구 전세보증금 반환보증에 대한 답변입니다. 담당부서 연결 또는 관련 웹사이트 안내가 필요합니다.
2025-06-02 04:02:30,세무,동작구 연말정산 문의,동작구 연말정산 문의에 대한 답변입니다. 담당부서 연결 또는 관련 웹사이트 안내가 필요합니다.
2025-07-25 07:50:05,교통,구로구 따릉이 이용 문의,구로구 따릉이 이용 문의에 대한 답변입니다. 담당부서 연결 또는 관련 웹사이트 안내가 필요합니다.
2025-03-05 21:24:56,세무,노원구 자동차세 연납 신청,노원구 자동차세 연납 신청에 대한 답변입니다. 담당부서 연결 또는 관련 웹사이트 안내가 필요합니다.
2024-10-27 03:03:59,주택,도봉구 주택 수리 지원,도봉구 주택 수리 지원에 대한 답변입니다. 담당부서 연결 또는 관련 웹사이트 안내가 필요합니다.
2024-11-20 03:56:59,일반행정,동대문구 구청 업무 시간,동대문구 구청 업무 시간에 대한 답변입니다. 담당부서 연결 또는 관련 웹사이트 안내가 필요합니다.
2025-04-26 01:25:36,복지,강동구 어르신 지원 문의,강동구 어르신 지원 문의에 대한 답변입니다. 담당부서 연결 또는 관련 웹사이트 안내가 필요합니다.
2025-02-14 05:19:52,교통,노원구 따릉이 이용 문의,노원구 따릉이 이용 문의에 대한 답변입니다. 담당부서 연결 또는 관련 웹사이트 안내가 필요합니다.
2024-11-19 02:54:19,환경,중랑구 대형 폐기물 처리,중랑구 대형 폐기물 처리에 대한 답변입니다. 담당부서 연결 또는 관련 웹사이트 안내가 필요합니다.
2025-03-12 15:24:05,복지,서대문구 출산장려금 신청,서대문구 출산장려금 신청에 대한 답변입니다. 담당부서 연결 또는 관련 웹사이트 안내가 필요합니다.
2024-11-26 21:27:35,세무,구로구 지방세 환급금 조회,구로구 지방세 환급금 조회에 대한 답변입니다. 담당부서 연결 또는 관련 웹사이트 안내가 필요합니다.
2025-06-07 04:22:09,세무,남구 지방세 환급금 조회,남구 지방세 환급금 조회에 대한 답변입니다. 담당부서 연결 또는 관련 웹사이트 안내가 필요합니다.
2024-09-04 13:52:28,교통,성동구 따릉이 이용 문의,성동구 따릉이 이용 문의에 대한 답변입니다. 담당부서 연결 또는 관련 웹사이트 안내가 필요합니다.
2024-10-11 22:29:02,세무,남구 자동차세 연납 신청,남구 자동차세 연납 신청에 대한 답변입니다. 담당부서 연결 또는 관련 웹사이트 안내가 필요합니다.
2024-08-23 11:36:01,복지,금천구 기초생활수급자 신청,금천구 기초생활수급자 신청에 대한 답변입니다. 담당부서 연결 또는 관련 웹사이트 안내가 필요합니다.
2025-04-27 22:52:58,세무,강남구 취득세 감면 문의,강남구 취득세 감면 문의에 대한 답변입니다. 담당부서 연결 또는 관련 웹사이트 안내가 필요합니다.
2024-11-15 18:50:55,주택,양천구 층간소음 해결,양천구 층간소음 해결에 대한 답변입니다. 담당부서 연결 또는 관련 웹사이트 안내가 필요합니다.
2024-11-05 04:11:55,환경,영등포구 음식물 쓰레기 배출,영등포구 음식물 쓰레기 배출에 대한 답변입니다. 담당부서 연결 또는 관련 웹사이트 안내가 필요합니다.
2025-04-13 19:26:34,일반행정,동작구 구청 업무 시간,동작구 구청 업무 시간에 대한 답변입니다. 담당부서 연결 또는 관련 웹사이트 안내가 필요합니다.
2024-10-14 19:49:42,세무,은평구 지방세 환급금 조회,은평구 지방세 환급금 조회에 대한 답변입니다. 담당부서 연결 또는 관련 웹사이트 안내가 필요합니다.
2024-10-23 12:12:01,환경,강서구 분리수거 방법,강서구 분리수거 방법에 대한 답변입니다. 담당부서 연결 또는 관련 웹사이트 안내가 필요합니다.
2024-12-30 01:44:20,세무,금천구 지방세 환급금 조회,금천구 지방세 환급금 조회에 대한 답변입니다. 담당부서 연결 또는 관련 웹사이트 안내가 필요합니다.
2025-05-28 06:09:44,세무,강남구 지방세 환급금 조회,강남구 지방세 환급금 조회에 대한 답변입니다. 담당부서 연결 또는 관련 웹사이트 안내가 필요합니다.
2025-08-01 12:53:43,환경,도봉구 음식물 쓰레기 배출,도봉구 음식물 쓰레기 배출에 대한 답변입니다. 담당부서 연결 또는 관련 웹사이트 안내가 필요합니다.
2024-12-28 17:07:06,일반행정,강남구 여권 발급 준비물,강남구 여권 발급 준비물에 대한 답변입니다. 담당부서 연결 또는 관련 웹사이트 안내가 필요합니다.
2025-03-20 06:48:49,환경,동구 음식물 쓰레기 배출,동구 음식물 쓰레기 배출에 대한 답변입니다. 담당부서 연결 또는 관련 웹사이트 안내가 필요합니다.
2025-03-04 03:18:07,세무,송파구 연말정산 문의,송파구 연말정산 문의에 대한 답변입니다. 담당부서 연결 또는 관련 웹사이트 안내가 필요합니다.
2025-03-04 17:54:18,환경,도봉구 미세먼지 문의,도봉구 미세먼지 문의에 대한 답변입니다. 담당부서 연결 또는 관련 웹사이트 안내가 필요합니다.
2025-01-22 13:12:36,복지,중랑구 어르신 지원 문의,중랑구 어르신 지원 문의에 대한 답변입니다. 담당부서 연결 또는 관련 웹사이트 안내가 필요합니다.
2024-09-29 11:21:47,복지,금천구 기초생활수급자 신청,금천구 기초생활수급자 신청에 대한 답변입니다. 담당부서 연결 또는 관련 웹사이트 안내가 필요합니다.
2024-10-14 19:22:55,복지,광진구 기초생활수급자 신청,광진구 기초생활수급자 신청에 대한 답변입니다. 담당부서 연결 또는 관련 웹사이트 안내가 필요합니다.
2025-04-08 09:20:50,복지,광진구 장애인 서비스 문의,광진구 장애인 서비스 문의에 대한 답변입니다. 담당부서 연결 또는 관련 웹사이트 안내가 필요합니다.
2025-02-12 12:06:44,일반행정,광진구 주민등록등본 발급,광진구 주민등록등본 발급에 대한 답변입니다. 담당부서 연결 또는 관련 웹사이트 안내가 필요합니다.
2025-05-07 14:06:05,일반행정,도봉구 구청 업무 시간,도봉구 구청 업무 시간에 대한 답변입니다. 담당부서 연결 또는 관련 웹사이트 안내가 필요합니다.
2025-06-03 10:59:27,복지,도봉구 출산장려금 신청,도봉구 출산장려금 신청에 대한 답변입니다. 담당부서 연결 또는 관련 웹사이트 안내가 필요합니다.
2025-01-09 06:27:38,복지,노원구 장애인 서비스 문의,노원구 장애인 서비스 문의에 대한 답변입니다. 담당부서 연결 또는 관련 웹사이트 안내가 필요합니다.
2025-01-06 19:13:16,일반행정,중구 지원금 신청 마감일,중구 지원금 신청 마감일에 대한 답변입니다. 담당부서 연결 또는 관련 웹사이트 안내가 필요합니다.
2024-10-29 13:24:30,일반행정,용산구 구청 업무 시간,용산구 구청 업무 시간에 대한 답변입니다. 담당부서 연결 또는 관련 웹사이트 안내가 필요합니다.
2025-04-20 20:56:48,세무,동구 자동차세 연납 신청,동구 자동차세 연납 신청에 대한 답변입니다. 담당부서 연결 또는 관련 웹사이트 안내가 필요합니다.
2025-06-20 20:45:33,일반행정,종로구 주민등록등본 발급,종로구 주민등록등본 발급에 대한 답변입니다. 담당부서 연결 또는 관련 웹사이트 안내가 필요합니다.
2025-08-18 09:40:48,교통,동대문구 불법주정차 신고,동대문구 불법주정차 신고에 대한 답변입니다. 담당부서 연결 또는 관련 웹사이트 안내가 필요합니다.
2024-09-29 22:39:19,세무,마포구 취득세 감면 문의,마포구 취득세 감면 문의에 대한 답변입니다. 담당부서 연결 또는 관련 웹사이트 안내가 필요합니다.
2025-08-08 18:35:05,복지,송파구 출산장려금 신청,송파구 출산장려금 신청에 대한 답변입니다. 담당부서 연결 또는 관련 웹사이트 안내가 필요합니다.
2024-12-28 22:01:26,일반행정,관악구 지원금 신청 마감일,관악구 지원금 신청 마감일에 대한 답변입니다. 담당부서 연결 또는 관련 웹사이트 안내가 필요합니다.
2025-02-23 05:41:13,세무,마포구 자동차세 연납 신청,마포구 자동차세 연납 신청에 대한 답변입니다. 담당부서 연결 또는 관련 웹사이트 안내가 필요합니다.
2024-09-27 08:24:17,환경,중구 미세먼지 문의,중구 미세먼지 문의에 대한 답변입니다. 담당부서 연결 또는 관련 웹사이트 안내가 필요합니다.
2025-07-14 23:41:25,복지,양천구 어르신 지원 문의,양천구 어르신 지원 문의에 대한 답변입니다. 담당부서 연결 또는 관련 웹사이트 안내가 필요합니다.
2024-10-30 21:50:57,일반행정,구로구 주민등록등본 발급,구로구 주민등록등본 발급에 대한 답변입니다. 담당부서 연결 또는 관련 웹사이트 안내가 필요합니다.
2024-10-23 06:21:18,일반행정,중구 주민등록등본 발급,중구 주민등록등본 발급에 대한 답변입니다. 담당부서 연결 또는 관련 웹사이트 안내가 필요합니다.
2025-07-23 12:55:05,복지,광진구 장애인 서비스 문의,광진구 장애인 서비스 문의에 대한 답변입니다. 담당부서 연결 또는 관련 웹사이트 안내가 필요합니다.
2024-12-31 08:13:52,복지,노원구 어르신 지원 문의,노원구 어르신 지원 문의에 대한 답변입니다. 담당부서 연결 또는 관련 웹사이트 안내가 필요합니다.
2025-08-19 03:00:20,환경,성동구 음식물 쓰레기 배출,성동구 음식물 쓰레기 배출에 대한 답변입니다. 담당부서 연결 또는 관련 웹사이트 안내가 필요합니다.
2024-12-01 01:34:24,주택,노원구 공공임대주택 입주,노원구 공공임대주택 입주에 대한 답변입니다. 담당부서 연결 또는 관련 웹사이트 안내가 필요합니다.
2025-07-02 22:09:01,환경,관악구 대형 폐기물 처리,관악구 대형 폐기물 처리에 대한 답변입니다. 담당부서 연결 또는 관련 웹사이트 안내가 필요합니다.
2024-09-08 21:46:26,환경,서구 분리수거 방법,서구 분리수거 방법에 대한 답변입니다. 담당부서 연결 또는 관련 웹사이트 안내가 필요합니다.
2024-11-20 11:14:39,복지,남구 장애인 서비스 문의,남구 장애인 서비스 문의에 대한 답변입니다. 담당부서 연결 또는 관련 웹사이트 안내가 필요합니다.
2024-10-09 08:58:28,주택,용산구 전세보증금 반환보증,용산구 전세보증금 반환보증에 대한 답변입니다. 담당부서 연결 또는 관련 웹사이트 안내가 필요합니다.
2024-12-02 02:44:57,환경,노원구 분리수거 방법,노원구 분리수거 방법에 대한 답변입니다. 담당부서 연결 또는 관련 웹사이트 안내가 필요합니다.
2024-11-27 13:30:58,복지,관악구 기초생활수급자 신청,관악구 기초생활수급자 신청에 대한 답변입니다. 담당부서 연결 또는 관련 웹사이트 안내가 필요합니다.
2025-01-02 02:09:29,일반행정,강서구 여권 발급 준비물,강서구 여권 발급 준비물에 대한 답변입니다. 담당부서 연결 또는 관련 웹사이트 안내가 필요합니다.
2025-05-21 21:19:16,일반행정,영등포구 주민등록등본 발급,영등포구 주민등록등본 발급에 대한 답변입니다. 담당부서 연결 또는 관련 웹사이트 안내가 필요합니다.
2025-05-30 06:37:20,일반행정,금천구 지원금 신청 마감일,금천구 지원금 신청 마감일에 대한 답변입니다. 담당부서 연결 또는 관련 웹사이트 안내가 필요합니다.
2024-10-15 02:54:41,일반행정,성북구 구청 업무 시간,성북구 구청 업무 시간에 대한 답변입니다. 담당부서 연결 또는 관련 웹사이트 안내가 필요합니다.
2025-02-22 17:03:00,복지,양천구 출산장려금 신청,양천구 출산장려금 신청에 대한 답변입니다. 담당부서 연결 또는 관련 웹사이트 안내가 필요합니다.
2025-07-31 15:51:20,복지,강남구 어르신 지원 문의,강남구 어르신 지원 문의에 대한 답변입니다. 담당부서 연결 또는 관련 웹사이트 안내가 필요합니다.
2024-10-28 18:52:13,주택,서구 전세보증금 반환보증,서구 전세보증금 반환보증에 대한 답변입니다. 담당부서 연결 또는 관련 웹사이트 안내가 필요합니다.
2025-03-30 21:46:25,복지,광진구 어르신 지원 문의,광진구 어르신 지원 문의에 대한 답변입니다. 담당부서 연결 또는 관련 웹사이트 안내가 필요합니다.
2025-06-25 16:21:30,교통,성북구 따릉이 이용 문의,성북구 따릉이 이용 문의에 대한 답변입니다. 담당부서 연결 또는 관련 웹사이트 안내가 필요합니다.
2024-09-29 17:02:45,교통,마포구 따릉이 이용 문의,마포구 따릉이 이용 문의에 대한 답변입니다. 담당부서 연결 또는 관련 웹사이트 안내가 필요합니다.
2024-10-27 22:57:09,교통,양천구 버스 노선 문의,양천구 버스 노선 문의에 대한 답변입니다. 담당부서 연결 또는 관련 웹사이트 안내가 필요합니다.
2025-01-19 17:50:53,일반행정,송파구 지원금 신청 마감일,송파구 지원금 신청 마감일에 대한 답변입니다. 담당부서 연결 또는 관련 웹사이트 안내가 필요합니다.
2024-10-30 19:38:24,일반행정,강북구 여권 발급 준비물,강북구 여권 발급 준비물에 대한 답변입니다. 담당부서 연결 또는 관련 웹사이트 안내가 필요합니다.
2024-12-09 19:57:36,복지,서대문구 어르신 지원 문의,서대문구 어르신 지원 문의에 대한 답변입니다. 담당부서 연결 또는 관련 웹사이트 안내가 필요합니다.
2025-03-20 15:32:14,세무,양천구 자동차세 연납 신청,양천구 자동차세 연납 신청에 대한 답변입니다. 담당부서 연결 또는 관련 웹사이트 안내가 필요합니다.
2025-02-20 20:45:45,일반행정,남구 주민등록등본 발급,남구 주민등록등본 발급에 대한 답변입니다. 담당부서 연결 또는 관련 웹사이트 안내가 필요합니다.
2025-08-22 18:38:26,환경,송파구 음식물 쓰레기 배출,송파구 음식물 쓰레기 배출에 대한 답변입니다. 담당부서 연결 또는 관련 웹사이트 안내가 필요합니다.
2024-10-13 13:51:58,교통,중랑구 불법주정차 신고,중랑구 불법주정차 신고에 대한 답변입니다. 담당부서 연결 또는 관련 웹사이트 안내가 필요합니다.
2025-06-17 00:28:39,복지,서초구 기초생활수급자 신청,서초구 기초생활수급자 신청에 대한 답변입니다. 담당부서 연결 또는 관련 웹사이트 안내가 필요합니다.
2024-08-24 19:39:22,복지,마포구 기초생활수급자 신청,마포구 기초생활수급자 신청에 대한 답변입니다. 담당부서 연결 또는 관련 웹사이트 안내가 필요합니다.
2025-01-25 07:15:23,세무,강서구 취득세 감면 문의,강서구 취득세 감면 문의에 대한 답변입니다. 담당부서 연결 또는 관련 웹사이트 안내가 필요합니다.
2024-12-23 10:27:26,일반행정,용산구 구청 업무 시간,용산구 구청 업무 시간에 대한 답변입니다. 담당부서 연결 또는 관련 웹사이트 안내가 필요합니다.
2025-03-08 00:24:22,복지,은평구 출산장려금 신청,은평구 출산장려금 신청에 대한 답변입니다. 담당부서 연결 또는 관련 웹사이트 안내가 필요합니다.
2025-01-02 17:21:26,복지,남구 어르신 지원 문의,남구 어르신 지원 문의에 대한 답변입니다. 담당부서 연결 또는 관련 웹사이트 안내가 필요합니다.
2025-01-16 01:54:33,복지,금천구 장애인 서비스 문의,금천구 장애인 서비스 문의에 대한 답변입니다. 담당부서 연결 또는 관련 웹사이트 안내가 필요합니다.
2025-06-23 08:32:47,일반행정,강동구 여권 발급 준비물,강동구 여권 발급 준비물에 대한 답변입니다. 담당부서 연결 또는 관련 웹사이트 안내가 필요합니다.
2025-07-04 09:49:06,복지,구로구 어르신 지원 문의,구로구 어르신 지원 문의에 대한 답변입니다. 담당부서 연결 또는 관련 웹사이트 안내가 필요합니다.
2024-09-24 13:32:47,일반행정,성동구 지원금 신청 마감일,성동구 지원금 신청 마감일에 대한 답변입니다. 담당부서 연결 또는 관련 웹사이트 안내가 필요합니다.
2024-09-23 18:38:43,일반행정,성동구 여권 발급 준비물,성동구 여권 발급 준비물에 대한 답변입니다. 담당부서 연결 또는 관련 웹사이트 안내가 필요합니다.
2024-09-17 14:09:55,환경,양천구 대형 폐기물 처리,양천구 대형 폐기물 처리에 대한 답변입니다. 담당부서 연결 또는 관련 웹사이트 안내가 필요합니다.
2025-02-15 20:39:00,교통,남구 버스 노선 문의,남구 버스 노선 문의에 대한 답변입니다. 담당부서 연결 또는 관련 웹사이트 안내가 필요합니다.
2025-02-10 03:40:44,복지,양천구 기초생활수급자 신청,양천구 기초생활수급자 신청에 대한 답변입니다. 담당부서 연결 또는 관련 웹사이트 안내가 필요합니다.
2025-07-23 06:17:04,복지,동대문구 장애인 서비스 문의,동대문구 장애인 서비스 문의에 대한 답변입니다. 담당부서 연결 또는 관련 웹사이트 안내가 필요합니다.
2025-02-27 09:25:13,복지,관악구 출산장려금 신청,관악구 출산장려금 신청에 대한 답변입니다. 담당부서 연결 또는 관련 웹사이트 안내가 필요합니다.
2025-06-15 21:54:24,세무,노원구 연말정산 문의,노원구 연말정산 문의에 대한 답변입니다. 담당부서 연결 또는 관련 웹사이트 안내가 필요합니다.
2025-04-04 06:58:45,교통,노원구 불법주정차 신고,노원구 불법주정차 신고에 대한 답변입니다. 담당부서 연결 또는 관련 웹사이트 안내가 필요합니다.
2025-08-08 23:24:28,복지,송파구 출산장려금 신청,송파구 출산장려금 신청에 대한 답변입니다. 담당부서 연결 또는 관련 웹사이트 안내가 필요합니다.
2025-02-04 01:49:39,교통,은평구 지하철 막차 시간,은평구 지하철 막차 시간에 대한 답변입니다. 담당부서 연결 또는 관련 웹사이트 안내가 필요합니다.
2024-09-14 20:06:01,세무,용산구 취득세 감면 문의,용산구 취득세 감면 문의에 대한 답변입니다. 담당부서 연결 또는 관련 웹사이트 안내가 필요합니다.
2024-10-15 04:05:51,세무,성동구 지방세 환급금 조회,성동구 지방세 환급금 조회에 대한 답변입니다. 담당부서 연결 또는 관련 웹사이트 안내가 필요합니다.
2025-06-19 07:07:40,복지,노원구 기초생활수급자 신청,노원구 기초생활수급자 신청에 대한 답변입니다. 담당부서 연결 또는 관련 웹사이트 안내가 필요합니다.
2025-05-05 07:47:58,복지,중구 어르신 지원 문의,중구 어르신 지원 문의에 대한 답변입니다. 담당부서 연결 또는 관련 웹사이트 안내가 필요합니다.
2025-01-14 05:57:47,세무,송파구 취득세 감면 문의,송파구 취득세 감면 문의에 대한 답변입니다. 담당부서 연결 또는 관련 웹사이트 안내가 필요합니다.
2025-03-14 22:11:00,세무,서구 연말정산 문의,서구 연말정산 문의에 대한 답변입니다. 담당부서 연결 또는 관련 웹사이트 안내가 필요합니다.
2025-04-29 01:32:22,주택,남구 층간소음 해결,남구 층간소음 해결에 대한 답변입니다. 담당부서 연결 또는 관련 웹사이트 안내가 필요합니다.
2025-05-24 09:07:09,세무,도봉구 지방세 환급금 조회,도봉구 지방세 환급금 조회에 대한 답변입니다. 담당부서 연결 또는 관련 웹사이트 안내가 필요합니다.
2025-08-04 21:38:09,교통,영등포구 버스 노선 문의,영등포구 버스 노선 문의에 대한 답변입니다. 담당부서 연결 또는 관련 웹사이트 안내가 필요합니다.
2025-07-09 09:42:18,환경,구로구 대형 폐기물 처리,구로구 대형 폐기물 처리에 대한 답변입니다. 담당부서 연결 또는 관련 웹사이트 안내가 필요합니다.
2024-12-13 23:54:56,교통,중랑구 불법주정차 신고,중랑구 불법주정차 신고에 대한 답변입니다. 담당부서 연결 또는 관련 웹사이트 안내가 필요합니다.
2025-08-22 12:39:20,환경,도봉구 미세먼지 문의,도봉구 미세먼지 문의에 대한 답변입니다. 담당부서 연결 또는 관련 웹사이트 안내가 필요합니다.
2025-05-22 17:49:25,세무,북구 취득세 감면 문의,북구 취득세 감면 문의에 대한 답변입니다. 담당부서 연결 또는 관련 웹사이트 안내가 필요합니다.
2024-11-23 14:18:06,세무,용산구 취득세 감면 문의,용산구 취득세 감면 문의에 대한 답변입니다. 담당부서 연결 또는 관련 웹사이트 안내가 필요합니다.
2025-01-11 20:47:53,복지,강동구 장애인 서비스 문의,강동구 장애인 서비스 문의에 대한 답변입니다. 담당부서 연결 또는 관련 웹사이트 안내가 필요합니다.
2024-09-26 05:20:21,일반행정,서초구 주민등록등본 발급,서초구 주민등록등본 발급에 대한 답변입니다. 담당부서 연결 또는 관련 웹사이트 안내가 필요합니다.
2024-12-19 14:23:03,일반행정,중랑구 주민등록등본 발급,중랑구 주민등록등본 발급에 대한 답변입니다. 담당부서 연결 또는 관련 웹사이트 안내가 필요합니다.
2025-03-06 20:56:26,세무,남구 취득세 감면 문의,남구 취득세 감면 문의에 대한 답변입니다. 담당부서 연결 또는 관련 웹사이트 안내가 필요합니다.
2025-03-03 06:59:20,환경,관악구 음식물 쓰레기 배출,관악구 음식물 쓰레기 배출에 대한 답변입니다. 담당부서 연결 또는 관련 웹사이트 안내가 필요합니다.
2025-04-02 10:18:35,환경,도봉구 미세먼지 문의,도봉구 미세먼지 문의에 대한 답변입니다. 담당부서 연결 또는 관련 웹사이트 안내가 필요합니다.
2025-06-27 12:32:53,환경,강서구 대형 폐기물 처리,강서구 대형 폐기물 처리에 대한 답변입니다. 담당부서 연결 또는 관련 웹사이트 안내가 필요합니다.
2024-09-02 22:32:47,주택,영등포구 공공임대주택 입주,영등포구 공공임대주택 입주에 대한 답변입니다. 담당부서 연결 또는 관련 웹사이트 안내가 필요합니다.
2025-08-02 21:43:11,환경,중랑구 대형 폐기물 처리,중랑구 대형 폐기물 처리에 대한 답변입니다. 담당부서 연결 또는 관련 웹사이트 안내가 필요합니다.
2024-12-22 17:23:23,세무,중구 연말정산 문의,중구 연말정산 문의에 대한 답변입니다. 담당부서 연결 또는 관련 웹사이트 안내가 필요합니다.
2025-01-31 23:04:48,세무,동대문구 취득세 감면 문의,동대문구 취득세 감면 문의에 대한 답변입니다. 담당부서 연결 또는 관련 웹사이트 안내가 필요합니다.
2025-01-22 04:59:37,일반행정,서구 지원금 신청 마감일,서구 지원금 신청 마감일에 대한 답변입니다. 담당부서 연결 또는 관련 웹사이트 안내가 필요합니다.
2025-06-13 15:30:41,복지,동작구 어르신 지원 문의,동작구 어르신 지원 문의에 대한 답변입니다. 담당부서 연결 또는 관련 웹사이트 안내가 필요합니다.
2025-04-22 16:12:00,복지,영등포구 출산장려금 신청,영등포구 출산장려금 신청에 대한 답변입니다. 담당부서 연결 또는 관련 웹사이트 안내가 필요합니다.
2025-05-19 16:49:51,일반행정,중랑구 여권 발급 준비물,중랑구 여권 발급 준비물에 대한 답변입니다. 담당부서 연결 또는 관련 웹사이트 안내가 필요합니다.
2024-11-09 11:37:51,교통,북구 버스 노선 문의,북구 버스 노선 문의에 대한 답변입니다. 담당부서 연결 또는 관련 웹사이트 안내가 필요합니다.
2025-01-06 07:07:58,복지,성북구 장애인 서비스 문의,성북구 장애인 서비스 문의에 대한 답변입니다. 담당부서 연결 또는 관련 웹사이트 안내가 필요합니다.
2025-01-09 15:56:47,세무,송파구 연말정산 문의,송파구 연말정산 문의에 대한 답변입니다. 담당부서 연결 또는 관련 웹사이트 안내가 필요합니다.
2024-10-14 10:19:19,세무,관악구 취득세 감면 문의,관악구 취득세 감면 문의에 대한 답변입니다. 담당부서 연결 또는 관련 웹사이트 안내가 필요합니다.
2024-10-26 17:15:22,일반행정,관악구 여권 발급 준비물,관악구 여권 발급 준비물에 대한 답변입니다. 담당부서 연결 또는 관련 웹사이트 안내가 필요합니다.
2024-09-18 08:12:55,세무,강남구 자동차세 연납 신청,강남구 자동차세 연납 신청에 대한 답변입니다. 담당부서 연결 또는 관련 웹사이트 안내가 필요합니다.
2025-01-31 05:33:29,일반행정,종로구 여권 발급 준비물,종로구 여권 발급 준비물에 대한 답변입니다. 담당부서 연결 또는 관련 웹사이트 안내가 필요합니다.
2025-02-28 09:37:40,세무,남구 연말정산 문의,남구 연말정산 문의에 대한 답변입니다. 담당부서 연결 또는 관련 웹사이트 안내가 필요합니다.
2025-02-22 20:47:10,주택,은평구 전세보증금 반환보증,은평구 전세보증금 반환보증에 대한 답변입니다. 담당부서 연결 또는 관련 웹사이트 안내가 필요합니다.
2025-08-04 10:25:59,환경,서구 미세먼지 문의,서구 미세먼지 문의에 대한 답변입니다. 담당부서 연결 또는 관련 웹사이트 안내가 필요합니다.
2024-12-08 09:46:28,일반행정,금천구 주민등록등본 발급,금천구 주민등록등본 발급에 대한 답변입니다. 담당부서 연결 또는 관련 웹사이트 안내가 필요합니다.
2025-07-06 22:06:14,교통,양천구 불법주정차 신고,양천구 불법주정차 신고에 대한 답변입니다. 담당부서 연결 또는 관련 웹사이트 안내가 필요합니다.
2024-09-01 12:00:37,환경,양천구 미세먼지 문의,양천구 미세먼지 문의에 대한 답변입니다. 담당부서 연결 또는 관련 웹사이트 안내가 필요합니다.
2025-03-27 14:16:25,환경,동작구 음식물 쓰레기 배출,동작구 음식물 쓰레기 배출에 대한 답변입니다. 담당부서 연결 또는 관련 웹사이트 안내가 필요합니다.
2025-05-24 08:54:06,일반행정,종로구 지원금 신청 마감일,종로구 지원금 신청 마감일에 대한 답변입니다. 담당부서 연결 또는 관련 웹사이트 안내가 필요합니다.
2025-03-01 06:05:38,환경,강동구 미세먼지 문의,강동구 미세먼지 문의에 대한 답변입니다. 담당부서 연결 또는 관련 웹사이트 안내가 필요합니다.
2024-10-05 10:38:05,교통,강동구 따릉이 이용 문의,강동구 따릉이 이용 문의에 대한 답변입니다. 담당부서 연결 또는 관련 웹사이트 안내가 필요합니다.
2025-05-09 15:55:12,세무,성동구 연말정산 문의,성동구 연말정산 문의에 대한 답변입니다. 담당부서 연결 또는 관련 웹사이트 안내가 필요합니다.
2025-07-24 02:19:10,복지,마포구 어르신 지원 문의,마포구 어르신 지원 문의에 대한 답변입니다. 담당부서 연결 또는 관련 웹사이트 안내가 필요합니다.
2025-05-03 12:56:46,일반행정,금천구 주민등록등본 발급,금천구 주민등록등본 발급에 대한 답변입니다. 담당부서 연결 또는 관련 웹사이트 안내가 필요합니다.
2025-05-14 16:47:28,일반행정,서초구 여권 발급 준비물,서초구 여권 발급 준비물에 대한 답변입니다. 담당부서 연결 또는 관련 웹사이트 안내가 필요합니다.
2024-12-19 16:07:46,교통,강서구 버스 노선 문의,강서구 버스 노선 문의에 대한 답변입니다. 담당부서 연결 또는 관련 웹사이트 안내가 필요합니다.
2025-04-07 15:27:09,세무,송파구 취득세 감면 문의,송파구 취득세 감면 문의에 대한 답변입니다. 담당부서 연결 또는 관련 웹사이트 안내가 필요합니다.
2025-04-28 09:26:48,세무,용산구 지방세 환급금 조회,용산구 지방세 환급금 조회에 대한 답변입니다. 담당부서 연결 또는 관련 웹사이트 안내가 필요합니다.
2024-10-23 18:48:29,환경,중구 미세먼지 문의,중구 미세먼지 문의에 대한 답변입니다. 담당부서 연결 또는 관련 웹사이트 안내가 필요합니다.
2024-09-20 09:12:18,교통,노원구 지하철 막차 시간,노원구 지하철 막차 시간에 대한 답변입니다. 담당부서 연결 또는 관련 웹사이트 안내가 필요합니다.
2025-02-13 01:48:54,환경,동구 음식물 쓰레기 배출,동구 음식물 쓰레기 배출에 대한 답변입니다. 담당부서 연결 또는 관련 웹사이트 안내가 필요합니다.
2025-04-13 18:25:34,복지,동작구 장애인 서비스 문의,동작구 장애인 서비스 문의에 대한 답변입니다. 담당부서 연결 또는 관련 웹사이트 안내가 필요합니다.
2024-10-04 06:58:56,복지,광진구 장애인 서비스 문의,광진구 장애인 서비스 문의에 대한 답변입니다. 담당부서 연결 또는 관련 웹사이트 안내가 필요합니다.
2024-10-24 13:35:04,주택,강북구 공공임대주택 입주,강북구 공공임대주택 입주에 대한 답변입니다. 담당부서 연결 또는 관련 웹사이트 안내가 필요합니다.
2024-08-30 18:46:41,교통,구로구 불법주정차 신고,구로구 불법주정차 신고에 대한 답변입니다. 담당부서 연결 또는 관련 웹사이트 안내가 필요합니다.
2024-12-07 02:12:52,주택,북구 층간소음 해결,북구 층간소음 해결에 대한 답변입니다. 담당부서 연결 또는 관련 웹사이트 안내가 필요합니다.
2024-09-24 02:38:49,교통,광진구 불법주정차 신고,광진구 불법주정차 신고에 대한 답변입니다. 담당부서 연결 또는 관련 웹사이트 안내가 필요합니다.
2025-07-12 19:08:03,교통,동대문구 불법주정차 신고,동대문구 불법주정차 신고에 대한 답변입니다. 담당부서 연결 또는 관련 웹사이트 안내가 필요합니다.
2025-04-26 13:54:26,일반행정,금천구 주민등록등본 발급,금천구 주민등록등본 발급에 대한 답변입니다. 담당부서 연결 또는 관련 웹사이트 안내가 필요합니다.
2024-10-10 15:24:30,주택,동구 주택 수리 지원,동구 주택 수리 지원에 대한 답변입니다. 담당부서 연결 또는 관련 웹사이트 안내가 필요합니다.
2025-08-19 05:18:12,교통,송파구 따릉이 이용 문의,송파구 따릉이 이용 문의에 대한 답변입니다. 담당부서 연결 또는 관련 웹사이트 안내가 필요합니다.
2024-10-17 06:15:13,주택,동대문구 공공임대주택 입주,동대문구 공공임대주택 입주에 대한 답변입니다. 담당부서 연결 또는 관련 웹사이트 안내가 필요합니다.
2024-09-13 12:48:21,환경,강북구 미세먼지 문의,강북구 미세먼지 문의에 대한 답변입니다. 담당부서 연결 또는 관련 웹사이트 안내가 필요합니다.
2025-05-17 17:54:53,복지,남구 출산장려금 신청,남구 출산장려금 신청에 대한 답변입니다. 담당부서 연결 또는 관련 웹사이트 안내가 필요합니다.
2025-07-23 00:54:55,환경,중랑구 미세먼지 문의,중랑구 미세먼지 문의에 대한 답변입니다. 담당부서 연결 또는 관련 웹사이트 안내가 필요합니다.
2024-11-04 07:55:59,환경,성북구 분리수거 방법,성북구 분리수거 방법에 대한 답변입니다. 담당부서 연결 또는 관련 웹사이트 안내가 필요합니다.
2024-11-25 09:27:42,환경,광진구 미세먼지 문의,광진구 미세먼지 문의에 대한 답변입니다. 담당부서 연결 또는 관련 웹사이트 안내가 필요합니다.
2024-12-10 01:15:42,세무,강동구 연말정산 문의,강동구 연말정산 문의에 대한 답변입니다. 담당부서 연결 또는 관련 웹사이트 안내가 필요합니다.
2024-09-09 19:06:42,교통,중구 불법주정차 신고,중구 불법주정차 신고에 대한 답변입니다. 담당부서 연결 또는 관련 웹사이트 안내가 필요합니다.
2025-02-14 20:16:40,일반행정,동대문구 지원금 신청 마감일,동대문구 지원금 신청 마감일에 대한 답변입니다. 담당부서 연결 또는 관련 웹사이트 안내가 필요합니다.
2025-03-19 18:53:28,복지,서초구 장애인 서비스 문의,서초구 장애인 서비스 문의에 대한 답변입니다. 담당부서 연결 또는 관련 웹사이트 안내가 필요합니다.
2024-11-19 09:29:46,주택,구로구 전세보증금 반환보증,구로구 전세보증금 반환보증에 대한 답변입니다. 담당부서 연결 또는 관련 웹사이트 안내가 필요합니다.
2025-04-22 01:48:14,세무,남구 지방세 환급금 조회,남구 지방세 환급금 조회에 대한 답변입니다. 담당부서 연결 또는 관련 웹사이트 안내가 필요합니다.
2025-04-14 09:08:38,복지,종로구 기초생활수급자 신청,종로구 기초생활수급자 신청에 대한 답변입니다. 담당부서 연결 또는 관련 웹사이트 안내가 필요합니다.
2024-11-17 10:37:32,세무,종로구 연말정산 문의,종로구 연말정산 문의에 대한 답변입니다. 담당부서 연결 또는 관련 웹사이트 안내가 필요합니다.
2024-12-06 02:59:27,세무,용산구 연말정산 문의,용산구 연말정산 문의에 대한 답변입니다. 담당부서 연결 또는 관련 웹사이트 안내가 필요합니다.
2025-05-28 23:57:23,복지,중구 장애인 서비스 문의,중구 장애인 서비스 문의에 대한 답변입니다. 담당부서 연결 또는 관련 웹사이트 안내가 필요합니다.
2025-04-19 12:25:43,주택,송파구 공공임대주택 입주,송파구 공공임대주택 입주에 대한 답변입니다. 담당부서 연결 또는 관련 웹사이트 안내가 필요합니다.
2025-06-03 23:19:58,교통,강동구 불법주정차 신고,강동구 불법주정차 신고에 대한 답변입니다. 담당부서 연결 또는 관련 웹사이트 안내가 필요합니다.
2025-01-02 11:47:33,일반행정,북구 여권 발급 준비물,북구 여권 발급 준비물에 대한 답변입니다. 담당부서 연결 또는 관련 웹사이트 안내가 필요합니다.
2025-07-22 21:38:22,복지,광진구 출산장려금 신청,광진구 출산장려금 신청에 대한 답변입니다. 담당부서 연결 또는 관련 웹사이트 안내가 필요합니다.
2025-06-21 01:48:01,세무,서구 지방세 환급금 조회,서구 지방세 환급금 조회에 대한 답변입니다. 담당부서 연결 또는 관련 웹사이트 안내가 필요합니다.
2024-09-30 17:07:18,복지,마포구 출산장려금 신청,마포구 출산장려금 신청에 대한 답변입니다. 담당부서 연결 또는 관련 웹사이트 안내가 필요합니다.
2025-07-19 01:44:11,환경,영등포구 분리수거 방법,영등포구 분리수거 방법에 대한 답변입니다. 담당부서 연결 또는 관련 웹사이트 안내가 필요합니다.
2025-02-24 03:16:51,주택,서초구 공공임대주택 입주,서초구 공공임대주택 입주에 대한 답변입니다. 담당부서 연결 또는 관련 웹사이트 안내가 필요합니다.
2025-07-13 07:58:06,환경,북구 분리수거 방법,북구 분리수거 방법에 대한 답변입니다. 담당부서 연결 또는 관련 웹사이트 안내가 필요합니다.
2024-12-22 00:44:56,교통,성동구 버스 노선 문의,성동구 버스 노선 문의에 대한 답변입니다. 담당부서 연결 또는 관련 웹사이트 안내가 필요합니다.
2025-04-30 08:44:18,교통,노원구 따릉이 이용 문의,노원구 따릉이 이용 문의에 대한 답변입니다. 담당부서 연결 또는 관련 웹사이트 안내가 필요합니다.
2025-02-23 09:23:20,환경,성동구 대형 폐기물 처리,성동구 대형 폐기물 처리에 대한 답변입니다. 담당부서 연결 또는 관련 웹사이트 안내가 필요합니다.
2024-08-24 05:26:06,교통,성북구 버스 노선 문의,성북구 버스 노선 문의에 대한 답변입니다. 담당부서 연결 또는 관련 웹사이트 안내가 필요합니다.
2025-08-13 06:18:38,교통,강남구 지하철 막차 시간,강남구 지하철 막차 시간에 대한 답변입니다. 담당부서 연결 또는 관련 웹사이트 안내가 필요합니다.
2025-07-03 14:59:50,교통,종로구 불법주정차 신고,종로구 불법주정차 신고에 대한 답변입니다. 담당부서 연결 또는 관련 웹사이트 안내가 필요합니다.
2024-09-11 06:40:43,환경,동구 분리수거 방법,동구 분리수거 방법에 대한 답변입니다. 담당부서 연결 또는 관련 웹사이트 안내가 필요합니다.
2025-02-16 04:03:20,세무,마포구 자동차세 연납 신청,마포구 자동차세 연납 신청에 대한 답변입니다. 담당부서 연결 또는 관련 웹사이트 안내가 필요합니다.
2025-01-07 00:32:40,일반행정,광진구 주민등록등본 발급,광진구 주민등록등본 발급에 대한 답변입니다. 담당부서 연결 또는 관련 웹사이트 안내가 필요합니다.
2025-04-20 16:55:42,교통,동작구 불법주정차 신고,동작구 불법주정차 신고에 대한 답변입니다. 담당부서 연결 또는 관련 웹사이트 안내가 필요합니다.
2025-07-28 05:07:43,환경,구로구 음식물 쓰레기 배출,구로구 음식물 쓰레기 배출에 대한 답변입니다. 담당부서 연결 또는 관련 웹사이트 안내가 필요합니다.
2024-08-27 13:32:16,교통,서구 버스 노선 문의,서구 버스 노선 문의에 대한 답변입니다. 담당부서 연결 또는 관련 웹사이트 안내가 필요합니다.
2025-01-02 23:06:20,복지,광진구 기초생활수급자 신청,광진구 기초생활수급자 신청에 대한 답변입니다. 담당부서 연결 또는 관련 웹사이트 안내가 필요합니다.
2024-08-25 20:09:02,복지,양천구 장애인 서비스 문의,양천구 장애인 서비스 문의에 대한 답변입니다. 담당부서 연결 또는 관련 웹사이트 안내가 필요합니다.
2024-09-10 19:52:58,세무,광진구 연말정산 문의,광진구 연말정산 문의에 대한 답변입니다. 담당부서 연결 또는 관련 웹사이트 안내가 필요합니다.
2024-11-12 18:55:10,일반행정,성북구 주민등록등본 발급,성북구 주민등록등본 발급에 대한 답변입니다. 담당부서 연결 또는 관련 웹사이트 안내가 필요합니다.
2025-08-01 03:54:41,환경,관악구 미세먼지 문의,관악구 미세먼지 문의에 대한 답변입니다. 담당부서 연결 또는 관련 웹사이트 안내가 필요합니다.
2024-10-22 19:27:16,복지,중랑구 기초생활수급자 신청,중랑구 기초생활수급자 신청에 대한 답변입니다. 담당부서 연결 또는 관련 웹사이트 안내가 필요합니다.
2024-08-27 05:02:36,교통,서초구 버스 노선 문의,서초구 버스 노선 문의에 대한 답변입니다. 담당부서 연결 또는 관련 웹사이트 안내가 필요합니다.
2025-02-02 23:33:46,교통,동구 따릉이 이용 문의,동구 따릉이 이용 문의에 대한 답변입니다. 담당부서 연결 또는 관련 웹사이트 안내가 필요합니다.
2025-07-16 19:57:11,교통,서구 버스 노선 문의,서구 버스 노선 문의에 대한 답변입니다. 담당부서 연결 또는 관련 웹사이트 안내가 필요합니다.
2025-03-04 12:39:18,환경,노원구 음식물 쓰레기 배출,노원구 음식물 쓰레기 배출에 대한 답변입니다. 담당부서 연결 또는 관련 웹사이트 안내가 필요합니다.
2025-07-28 20:23:58,환경,동구 분리수거 방법,동구 분리수거 방법에 대한 답변입니다. 담당부서 연결 또는 관련 웹사이트 안내가 필요합니다.
2025-04-11 19:14:32,일반행정,북구 지원금 신청 마감일,북구 지원금 신청 마감일에 대한 답변입니다. 담당부서 연결 또는 관련 웹사이트 안내가 필요합니다.
2025-05-20 02:43:54,세무,광진구 지방세 환급금 조회,광진구 지방세 환급금 조회에 대한 답변입니다. 담당부서 연결 또는 관련 웹사이트 안내가 필요합니다.
2024-12-02 15:34:15,일반행정,서대문구 여권 발급 준비물,서대문구 여권 발급 준비물에 대한 답변입니다. 담당부서 연결 또는 관련 웹사이트 안내가 필요합니다.
2025-05-10 18:36:06,복지,성동구 기초생활수급자 신청,성동구 기초생활수급자 신청에 대한 답변입니다. 담당부서 연결 또는 관련 웹사이트 안내가 필요합니다.
2025-06-20 17:47:05,복지,도봉구 기초생활수급자 신청,도봉구 기초생활수급자 신청에 대한 답변입니다. 담당부서 연결 또는 관련 웹사이트 안내가 필요합니다.
2024-10-20 14:19:47,환경,동대문구 음식물 쓰레기 배출,동대문구 음식물 쓰레기 배출에 대한 답변입니다. 담당부서 연결 또는 관련 웹사이트 안내가 필요합니다.
2025-07-25 11:27:30,교통,동작구 따릉이 이용 문의,동작구 따릉이 이용 문의에 대한 답변입니다. 담당부서 연결 또는 관련 웹사이트 안내가 필요합니다.
2024-10-25 12:42:37,복지,양천구 장애인 서비스 문의,양천구 장애인 서비스 문의에 대한 답변입니다. 담당부서 연결 또는 관련 웹사이트 안내가 필요합니다.
2024-11-24 13:59:48,교통,중랑구 지하철 막차 시간,중랑구 지하철 막차 시간에 대한 답변입니다. 담당부서 연결 또는 관련 웹사이트 안내가 필요합니다.
2024-11-14 20:11:02,주택,도봉구 층간소음 해결,도봉구 층간소음 해결에 대한 답변입니다. 담당부서 연결 또는 관련 웹사이트 안내가 필요합니다.
2025-02-02 17:51:49,주택,남구 전세보증금 반환보증,남구 전세보증금 반환보증에 대한 답변입니다. 담당부서 연결 또는 관련 웹사이트 안내가 필요합니다.
2025-03-18 17:03:33,일반행정,노원구 지원금 신청 마감일,노원구 지원금 신청 마감일에 대한 답변입니다. 담당부서 연결 또는 관련 웹사이트 안내가 필요합니다.
2025-01-13 00:07:32,세무,서대문구 취득세 감면 문의,서대문구 취득세 감면 문의에 대한 답변입니다. 담당부서 연결 또는 관련 웹사이트 안내가 필요합니다.
2025-01-30 05:39:50,세무,남구 취득세 감면 문의,남구 취득세 감면 문의에 대한 답변입니다. 담당부서 연결 또는 관련 웹사이트 안내가 필요합니다.
2025-06-15 22:31:53,교통,관악구 버스 노선 문의,관악구 버스 노선 문의에 대한 답변입니다. 담당부서 연결 또는 관련 웹사이트 안내가 필요합니다.
2024-11-29 00:02:20,복지,남구 어르신 지원 문의,남구 어르신 지원 문의에 대한 답변입니다. 담당부서 연결 또는 관련 웹사이트 안내가 필요합니다.
2025-05-05 12:35:28,세무,동작구 취득세 감면 문의,동작구 취득세 감면 문의에 대한 답변입니다. 담당부서 연결 또는 관련 웹사이트 안내가 필요합니다.
2025-01-19 13:43:10,세무,양천구 지방세 환급금 조회,양천구 지방세 환급금 조회에 대한 답변입니다. 담당부서 연결 또는 관련 웹사이트 안내가 필요합니다.
2025-02-03 07:23:28,주택,강동구 공공임대주택 입주,강동구 공공임대주택 입주에 대한 답변입니다. 담당부서 연결 또는 관련 웹사이트 안내가 필요합니다.
2025-01-10 00:53:33,일반행정,성동구 구청 업무 시간,성동구 구청 업무 시간에 대한 답변입니다. 담당부서 연결 또는 관련 웹사이트 안내가 필요합니다.
2025-04-28 07:58:24,환경,성동구 음식물 쓰레기 배출,성동구 음식물 쓰레기 배출에 대한 답변입니다. 담당부서 연결 또는 관련 웹사이트 안내가 필요합니다.
2025-07-24 11:19:40,환경,북구 미세먼지 문의,북구 미세먼지 문의에 대한 답변입니다. 담당부서 연결 또는 관련 웹사이트 안내가 필요합니다.
2025-05-10 12:30:05,세무,용산구 자동차세 연납 신청,용산구 자동차세 연납 신청에 대한 답변입니다. 담당부서 연결 또는 관련 웹사이트 안내가 필요합니다.
2024-09-07 07:27:21,환경,서초구 음식물 쓰레기 배출,서초구 음식물 쓰레기 배출에 대한 답변입니다. 담당부서 연결 또는 관련 웹사이트 안내가 필요합니다.
2025-01-04 20:16:59,복지,은평구 출산장려금 신청,은평구 출산장려금 신청에 대한 답변입니다. 담당부서 연결 또는 관련 웹사이트 안내가 필요합니다.
2024-12-28 16:37:47,교통,강서구 불법주정차 신고,강서구 불법주정차 신고에 대한 답변입니다. 담당부서 연결 또는 관련 웹사이트 안내가 필요합니다.
2024-08-30 13:11:42,교통,구로구 따릉이 이용 문의,구로구 따릉이 이용 문의에 대한 답변입니다. 담당부서 연결 또는 관련 웹사이트 안내가 필요합니다.
2024-09-27 16:53:54,환경,서구 미세먼지 문의,서구 미세먼지 문의에 대한 답변입니다. 담당부서 연결 또는 관련 웹사이트 안내가 필요합니다.
2024-10-23 04:47:59,일반행정,용산구 지원금 신청 마감일,용산구 지원금 신청 마감일에 대한 답변입니다. 담당부서 연결 또는 관련 웹사이트 안내가 필요합니다.
2025-06-14 22:46:43,복지,노원구 어르신 지원 문의,노원구 어르신 지원 문의에 대한 답변입니다. 담당부서 연결 또는 관련 웹사이트 안내가 필요합니다.
2025-06-10 23:46:37,교통,관악구 지하철 막차 시간,관악구 지하철 막차 시간에 대한 답변입니다. 담당부서 연결 또는 관련 웹사이트 안내가 필요합니다.
2024-11-09 19:58:47,환경,도봉구 미세먼지 문의,도봉구 미세먼지 문의에 대한 답변입니다. 담당부서 연결 또는 관련 웹사이트 안내가 필요합니다.
2025-07-14 13:05:05,복지,서초구 어르신 지원 문의,서초구 어르신 지원 문의에 대한 답변입니다. 담당부서 연결 또는 관련 웹사이트 안내가 필요합니다.
2024-10-03 14:00:13,교통,서초구 따릉이 이용 문의,서초구 따릉이 이용 문의에 대한 답변입니다. 담당부서 연결 또는 관련 웹사이트 안내가 필요합니다.
2024-11-26 21:12:38,일반행정,강동구 구청 업무 시간,강동구 구청 업무 시간에 대한 답변입니다. 담당부서 연결 또는 관련 웹사이트 안내가 필요합니다.
2024-09-05 03:04:15,환경,강동구 분리수거 방법,강동구 분리수거 방법에 대한 답변입니다. 담당부서 연결 또는 관련 웹사이트 안내가 필요합니다.
2025-03-11 14:02:43,세무,성북구 취득세 감면 문의,성북구 취득세 감면 문의에 대한 답변입니다. 담당부서 연결 또는 관련 웹사이트 안내가 필요합니다.
2025-05-30 08:09:47,복지,은평구 출산장려금 신청,은평구 출산장려금 신청에 대한 답변입니다. 담당부서 연결 또는 관련 웹사이트 안내가 필요합니다.
2025-08-03 09:12:08,복지,양천구 기초생활수급자 신청,양천구 기초생활수급자 신청에 대한 답변입니다. 담당부서 연결 또는 관련 웹사이트 안내가 필요합니다.
2025-04-29 20:59:40,주택,중구 층간소음 해결,중구 층간소음 해결에 대한 답변입니다. 담당부서 연결 또는 관련 웹사이트 안내가 필요합니다.
2024-12-09 13:18:17,환경,성북구 분리수거 방법,성북구 분리수거 방법에 대한 답변입니다. 담당부서 연결 또는 관련 웹사이트 안내가 필요합니다.
2025-08-21 15:41:46,환경,성북구 분리수거 방법,성북구 분리수거 방법에 대한 답변입니다. 담당부서 연결 또는 관련 웹사이트 안내가 필요합니다.
2025-03-31 15:21:10,세무,동구 취득세 감면 문의,동구 취득세 감면 문의에 대한 답변입니다. 담당부서 연결 또는 관련 웹사이트 안내가 필요합니다.
2024-09-01 18:24:29,세무,용산구 자동차세 연납 신청,용산구 자동차세 연납 신청에 대한 답변입니다. 담당부서 연결 또는 관련 웹사이트 안내가 필요합니다.
2025-07-07 17:13:05,교통,금천구 불법주정차 신고,금천구 불법주정차 신고에 대한 답변입니다. 담당부서 연결 또는 관련 웹사이트 안내가 필요합니다.
2024-09-17 16:04:33,일반행정,금천구 주민등록등본 발급,금천구 주민등록등본 발급에 대한 답변입니다. 담당부서 연결 또는 관련 웹사이트 안내가 필요합니다.
2025-06-21 02:13:12,교통,서구 버스 노선 문의,서구 버스 노선 문의에 대한 답변입니다. 담당부서 연결 또는 관련 웹사이트 안내가 필요합니다.
2025-03-22 18:14:33,복지,관악구 어르신 지원 문의,관악구 어르신 지원 문의에 대한 답변입니다. 담당부서 연결 또는 관련 웹사이트 안내가 필요합니다.
2025-01-06 14:17:37,세무,광진구 자동차세 연납 신청,광진구 자동차세 연납 신청에 대한 답변입니다. 담당부서 연결 또는 관련 웹사이트 안내가 필요합니다.
2025-08-22 18:47:38,환경,마포구 음식물 쓰레기 배출,마포구 음식물 쓰레기 배출에 대한 답변입니다. 담당부서 연결 또는 관련 웹사이트 안내가 필요합니다.
2024-11-27 12:10:30,주택,영등포구 공공임대주택 입주,영등포구 공공임대주택 입주에 대한 답변입니다. 담당부서 연결 또는 관련 웹사이트 안내가 필요합니다.
2025-06-09 22:50:05,세무,송파구 지방세 환급금 조회,송파구 지방세 환급금 조회에 대한 답변입니다. 담당부서 연결 또는 관련 웹사이트 안내가 필요합니다.
2025-03-01 02:00:17,주택,성동구 층간소음 해결,성동구 층간소음 해결에 대한 답변입니다. 담당부서 연결 또는 관련 웹사이트 안내가 필요합니다.
2025-04-16 13:47:47,환경,중랑구 대형 폐기물 처리,중랑구 대형 폐기물 처리에 대한 답변입니다. 담당부서 연결 또는 관련 웹사이트 안내가 필요합니다.
2025-07-22 14:07:14,복지,마포구 기초생활수급자 신청,마포구 기초생활수급자 신청에 대한 답변입니다. 담당부서 연결 또는 관련 웹사이트 안내가 필요합니다.
2025-02-14 02:51:16,복지,도봉구 출산장려금 신청,도봉구 출산장려금 신청에 대한 답변입니다. 담당부서 연결 또는 관련 웹사이트 안내가 필요합니다.
2024-12-17 04:57:34,주택,강서구 공공임대주택 입주,강서구 공공임대주택 입주에 대한 답변입니다. 담당부서 연결 또는 관련 웹사이트 안내가 필요합니다.
2025-03-07 05:14:12,환경,마포구 대형 폐기물 처리,마포구 대형 폐기물 처리에 대한 답변입니다. 담당부서 연결 또는 관련 웹사이트 안내가 필요합니다.
2024-12-24 21:15:48,복지,관악구 장애인 서비스 문의,관악구 장애인 서비스 문의에 대한 답변입니다. 담당부서 연결 또는 관련 웹사이트 안내가 필요합니다.
2024-10-16 07:42:05,세무,강동구 취득세 감면 문의,강동구 취득세 감면 문의에 대한 답변입니다. 담당부서 연결 또는 관련 웹사이트 안내가 필요합니다.
2025-04-24 14:43:24,일반행정,노원구 구청 업무 시간,노원구 구청 업무 시간에 대한 답변입니다. 담당부서 연결 또는 관련 웹사이트 안내가 필요합니다.
2025-04-02 20:42:24,교통,노원구 불법주정차 신고,노원구 불법주정차 신고에 대한 답변입니다. 담당부서 연결 또는 관련 웹사이트 안내가 필요합니다.
2025-04-11 15:33:13,교통,강서구 불법주정차 신고,강서구 불법주정차 신고에 대한 답변입니다. 담당부서 연결 또는 관련 웹사이트 안내가 필요합니다.
2025-07-19 21:19:39,교통,금천구 불법주정차 신고,금천구 불법주정차 신고에 대한 답변입니다. 담당부서 연결 또는 관련 웹사이트 안내가 필요합니다.
2025-07-31 14:38:13,환경,중랑구 분리수거 방법,중랑구 분리수거 방법에 대한 답변입니다. 담당부서 연결 또는 관련 웹사이트 안내가 필요합니다.
2024-11-16 18:39:48,교통,양천구 따릉이 이용 문의,양천구 따릉이 이용 문의에 대한 답변입니다. 담당부서 연결 또는 관련 웹사이트 안내가 필요합니다.
2025-06-30 04:08:41,환경,북구 분리수거 방법,북구 분리수거 방법에 대한 답변입니다. 담당부서 연결 또는 관련 웹사이트 안내가 필요합니다.
2025-07-02 21:09:28,복지,은평구 출산장려금 신청,은평구 출산장려금 신청에 대한 답변입니다. 담당부서 연결 또는 관련 웹사이트 안내가 필요합니다.
2025-06-27 10:27:58,복지,북구 기초생활수급자 신청,북구 기초생활수급자 신청에 대한 답변입니다. 담당부서 연결 또는 관련 웹사이트 안내가 필요합니다.
2025-04-23 17:50:12,일반행정,서초구 구청 업무 시간,서초구 구청 업무 시간에 대한 답변입니다. 담당부서 연결 또는 관련 웹사이트 안내가 필요합니다.
2024-10-28 22:41:24,세무,서초구 지방세 환급금 조회,서초구 지방세 환급금 조회에 대한 답변입니다. 담당부서 연결 또는 관련 웹사이트 안내가 필요합니다.
2025-01-03 04:36:15,세무,중랑구 지방세 환급금 조회,중랑구 지방세 환급금 조회에 대한 답변입니다. 담당부서 연결 또는 관련 웹사이트 안내가 필요합니다.
2024-09-05 23:46:43,주택,도봉구 주택 수리 지원,도봉구 주택 수리 지원에 대한 답변입니다. 담당부서 연결 또는 관련 웹사이트 안내가 필요합니다.
2025-07-23 13:15:47,복지,북구 장애인 서비스 문의,북구 장애인 서비스 문의에 대한 답변입니다. 담당부서 연결 또는 관련 웹사이트 안내가 필요합니다.
2024-09-05 17:32:45,복지,서초구 출산장려금 신청,서초구 출산장려금 신청에 대한 답변입니다. 담당부서 연결 또는 관련 웹사이트 안내가 필요합니다.
2025-05-10 05:09:54,복지,구로구 출산장려금 신청,구로구 출산장려금 신청에 대한 답변입니다. 담당부서 연결 또는 관련 웹사이트 안내가 필요합니다.
2025-08-11 00:47:14,환경,노원구 대형 폐기물 처리,노원구 대형 폐기물 처리에 대한 답변입니다. 담당부서 연결 또는 관련 웹사이트 안내가 필요합니다.
2024-11-16 04:41:23,일반행정,송파구 여권 발급 준비물,송파구 여권 발급 준비물에 대한 답변입니다. 담당부서 연결 또는 관련 웹사이트 안내가 필요합니다.
2025-08-13 11:42:12,교통,중구 지하철 막차 시간,중구 지하철 막차 시간에 대한 답변입니다. 담당부서 연결 또는 관련 웹사이트 안내가 필요합니다.
2025-06-04 14:01:41,교통,용산구 지하철 막차 시간,용산구 지하철 막차 시간에 대한 답변입니다. 담당부서 연결 또는 관련 웹사이트 안내가 필요합니다.
2024-10-18 03:46:01,주택,강북구 층간소음 해결,강북구 층간소음 해결에 대한 답변입니다. 담당부서 연결 또는 관련 웹사이트 안내가 필요합니다.
2025-01-18 22:48:22,세무,북구 취득세 감면 문의,북구 취득세 감면 문의에 대한 답변입니다. 담당부서 연결 또는 관련 웹사이트 안내가 필요합니다.
2025-08-14 10:57:40,환경,노원구 음식물 쓰레기 배출,노원구 음식물 쓰레기 배출에 대한 답변입니다. 담당부서 연결 또는 관련 웹사이트 안내가 필요합니다.
2025-04-26 05:19:04,일반행정,관악구 구청 업무 시간,관악구 구청 업무 시간에 대한 답변입니다. 담당부서 연결 또는 관련 웹사이트 안내가 필요합니다.
2025-01-30 01:39:31,복지,남구 어르신 지원 문의,남구 어르신 지원 문의에 대한 답변입니다. 담당부서 연결 또는 관련 웹사이트 안내가 필요합니다.
2025-02-04 17:40:35,환경,중랑구 미세먼지 문의,중랑구 미세먼지 문의에 대한 답변입니다. 담당부서 연결 또는 관련 웹사이트 안내가 필요합니다.
2025-01-04 19:20:06,복지,구로구 출산장려금 신청,구로구 출산장려금 신청에 대한 답변입니다. 담당부서 연결 또는 관련 웹사이트 안내가 필요합니다.
2025-07-03 09:57:37,교통,광진구 따릉이 이용 문의,광진구 따릉이 이용 문의에 대한 답변입니다. 담당부서 연결 또는 관련 웹사이트 안내가 필요합니다.
2024-12-31 06:34:27,복지,서대문구 장애인 서비스 문의,서대문구 장애인 서비스 문의에 대한 답변입니다. 담당부서 연결 또는 관련 웹사이트 안내가 필요합니다.
2025-07-22 13:28:00,환경,북구 분리수거 방법,북구 분리수거 방법에 대한 답변입니다. 담당부서 연결 또는 관련 웹사이트 안내가 필요합니다.
2025-05-29 11:40:26,세무,마포구 자동차세 연납 신청,마포구 자동차세 연납 신청에 대한 답변입니다. 담당부서 연결 또는 관련 웹사이트 안내가 필요합니다.
2024-10-17 08:44:46,환경,서구 분리수거 방법,서구 분리수거 방법에 대한 답변입니다. 담당부서 연결 또는 관련 웹사이트 안내가 필요합니다.
2025-08-03 19:20:12,교통,성북구 버스 노선 문의,성북구 버스 노선 문의에 대한 답변입니다. 담당부서 연결 또는 관련 웹사이트 안내가 필요합니다.
2025-03-12 20:18:33,세무,남구 지방세 환급금 조회,남구 지방세 환급금 조회에 대한 답변입니다. 담당부서 연결 또는 관련 웹사이트 안내가 필요합니다.
2025-02-07 12:48:00,환경,강동구 분리수거 방법,강동구 분리수거 방법에 대한 답변입니다. 담당부서 연결 또는 관련 웹사이트 안내가 필요합니다.
2025-01-13 19:25:57,일반행정,관악구 구청 업무 시간,관악구 구청 업무 시간에 대한 답변입니다. 담당부서 연결 또는 관련 웹사이트 안내가 필요합니다.
2024-09-22 05:57:28,환경,강남구 분리수거 방법,강남구 분리수거 방법에 대한 답변입니다. 담당부서 연결 또는 관련 웹사이트 안내가 필요합니다.
2025-07-22 02:53:24,복지,마포구 장애인 서비스 문의,마포구 장애인 서비스 문의에 대한 답변입니다. 담당부서 연결 또는 관련 웹사이트 안내가 필요합니다.
2025-06-16 07:09:22,환경,강서구 미세먼지 문의,강서구 미세먼지 문의에 대한 답변입니다. 담당부서 연결 또는 관련 웹사이트 안내가 필요합니다.
2024-11-13 14:45:25,환경,북구 분리수거 방법,북구 분리수거 방법에 대한 답변입니다. 담당부서 연결 또는 관련 웹사이트 안내가 필요합니다.
2025-02-08 15:23:14,일반행정,남구 구청 업무 시간,남구 구청 업무 시간에 대한 답변입니다. 담당부서 연결 또는 관련 웹사이트 안내가 필요합니다.
2024-10-09 08:32:48,복지,관악구 출산장려금 신청,관악구 출산장려금 신청에 대한 답변입니다. 담당부서 연결 또는 관련 웹사이트 안내가 필요합니다.
2024-12-28 22:04:15,복지,동구 장애인 서비스 문의,동구 장애인 서비스 문의에 대한 답변입니다. 담당부서 연결 또는 관련 웹사이트 안내가 필요합니다.
2025-06-20 03:37:49,주택,강북구 층간소음 해결,강북구 층간소음 해결에 대한 답변입니다. 담당부서 연결 또는 관련 웹사이트 안내가 필요합니다.
2024-09-16 14:06:09,교통,관악구 따릉이 이용 문의,관악구 따릉이 이용 문의에 대한 답변입니다. 담당부서 연결 또는 관련 웹사이트 안내가 필요합니다.
2024-12-25 20:18:26,복지,성북구 기초생활수급자 신청,성북구 기초생활수급자 신청에 대한 답변입니다. 담당부서 연결 또는 관련 웹사이트 안내가 필요합니다.
2025-04-27 09:59:03,일반행정,관악구 지원금 신청 마감일,관악구 지원금 신청 마감일에 대한 답변입니다. 담당부서 연결 또는 관련 웹사이트 안내가 필요합니다.
2024-12-27 00:05:16,복지,북구 장애인 서비스 문의,북구 장애인 서비스 문의에 대한 답변입니다. 담당부서 연결 또는 관련 웹사이트 안내가 필요합니다.
2025-01-07 12:08:36,세무,중구 지방세 환급금 조회,중구 지방세 환급금 조회에 대한 답변입니다. 담당부서 연결 또는 관련 웹사이트 안내가 필요합니다.
2024-10-11 09:07:27,주택,영등포구 공공임대주택 입주,영등포구 공공임대주택 입주에 대한 답변입니다. 담당부서 연결 또는 관련 웹사이트 안내가 필요합니다.
2025-01-11 19:26:47,세무,동대문구 연말정산 문의,동대문구 연말정산 문의에 대한 답변입니다. 담당부서 연결 또는 관련 웹사이트 안내가 필요합니다.
2024-10-17 17:18:51,세무,중랑구 지방세 환급금 조회,중랑구 지방세 환급금 조회에 대한 답변입니다. 담당부서 연결 또는 관련 웹사이트 안내가 필요합니다.
2025-01-22 04:04:36,세무,양천구 연말정산 문의,양천구 연말정산 문의에 대한 답변입니다. 담당부서 연결 또는 관련 웹사이트 안내가 필요합니다.
2024-10-04 10:10:26,주택,서구 전세보증금 반환보증,서구 전세보증금 반환보증에 대한 답변입니다. 담당부서 연결 또는 관련 웹사이트 안내가 필요합니다.
2025-07-24 22:03:59,환경,양천구 분리수거 방법,양천구 분리수거 방법에 대한 답변입니다. 담당부서 연결 또는 관련 웹사이트 안내가 필요합니다.
2025-08-09 00:10:10,복지,동작구 어르신 지원 문의,동작구 어르신 지원 문의에 대한 답변입니다. 담당부서 연결 또는 관련 웹사이트 안내가 필요합니다.
2025-05-06 16:14:26,세무,구로구 지방세 환급금 조회,구로구 지방세 환급금 조회에 대한 답변입니다. 담당부서 연결 또는 관련 웹사이트 안내가 필요합니다.
2025-01-09 19:43:21,복지,강동구 출산장려금 신청,강동구 출산장려금 신청에 대한 답변입니다. 담당부서 연결 또는 관련 웹사이트 안내가 필요합니다.
2024-10-08 02:51:08,세무,남구 지방세 환급금 조회,남구 지방세 환급금 조회에 대한 답변입니다. 담당부서 연결 또는 관련 웹사이트 안내가 필요합니다.
2024-11-06 02:03:31,복지,영등포구 장애인 서비스 문의,영등포구 장애인 서비스 문의에 대한 답변입니다. 담당부서 연결 또는 관련 웹사이트 안내가 필요합니다.
2024-12-25 07:47:05,환경,마포구 미세먼지 문의,마포구 미세먼지 문의에 대한 답변입니다. 담당부서 연결 또는 관련 웹사이트 안내가 필요합니다.
2025-04-17 20:38:43,환경,구로구 분리수거 방법,구로구 분리수거 방법에 대한 답변입니다. 담당부서 연결 또는 관련 웹사이트 안내가 필요합니다.
2025-03-10 05:07:12,일반행정,서대문구 구청 업무 시간,서대문구 구청 업무 시간에 대한 답변입니다. 담당부서 연결 또는 관련 웹사이트 안내가 필요합니다.
2024-12-29 10:23:33,주택,서구 층간소음 해결,서구 층간소음 해결에 대한 답변입니다. 담당부서 연결 또는 관련 웹사이트 안내가 필요합니다.
2025-03-27 05:31:35,일반행정,강서구 주민등록등본 발급,강서구 주민등록등본 발급에 대한 답변입니다. 담당부서 연결 또는 관련 웹사이트 안내가 필요합니다.
2025-06-05 19:17:29,교통,마포구 지하철 막차 시간,마포구 지하철 막차 시간에 대한 답변입니다. 담당부서 연결 또는 관련 웹사이트 안내가 필요합니다.
2025-08-08 22:10:30,환경,마포구 대형 폐기물 처리,마포구 대형 폐기물 처리에 대한 답변입니다. 담당부서 연결 또는 관련 웹사이트 안내가 필요합니다.
2025-01-17 17:01:06,복지,도봉구 장애인 서비스 문의,도봉구 장애인 서비스 문의에 대한 답변입니다. 담당부서 연결 또는 관련 웹사이트 안내가 필요합니다.
2025-08-05 21:28:26,교통,동구 따릉이 이용 문의,동구 따릉이 이용 문의에 대한 답변입니다. 담당부서 연결 또는 관련 웹사이트 안내가 필요합니다.
2025-02-11 12:23:59,일반행정,양천구 구청 업무 시간,양천구 구청 업무 시간에 대한 답변입니다. 담당부서 연결 또는 관련 웹사이트 안내가 필요합니다.
2024-12-27 05:17:31,복지,금천구 기초생활수급자 신청,금천구 기초생활수급자 신청에 대한 답변입니다. 담당부서 연결 또는 관련 웹사이트 안내가 필요합니다.
2024-12-24 22:56:25,세무,은평구 취득세 감면 문의,은평구 취득세 감면 문의에 대한 답변입니다. 담당부서 연결 또는 관련 웹사이트 안내가 필요합니다.
2025-07-20 13:53:42,교통,강남구 버스 노선 문의,강남구 버스 노선 문의에 대한 답변입니다. 담당부서 연결 또는 관련 웹사이트 안내가 필요합니다.
2025-04-19 16:22:55,일반행정,동작구 주민등록등본 발급,동작구 주민등록등본 발급에 대한 답변입니다. 담당부서 연결 또는 관련 웹사이트 안내가 필요합니다.
2025-05-28 20:35:22,세무,광진구 연말정산 문의,광진구 연말정산 문의에 대한 답변입니다. 담당부서 연결 또는 관련 웹사이트 안내가 필요합니다.
2025-01-08 06:58:15,세무,용산구 연말정산 문의,용산구 연말정산 문의에 대한 답변입니다. 담당부서 연결 또는 관련 웹사이트 안내가 필요합니다.
2025-08-08 08:11:09,복지,중구 장애인 서비스 문의,중구 장애인 서비스 문의에 대한 답변입니다. 담당부서 연결 또는 관련 웹사이트 안내가 필요합니다.
2024-10-28 12:02:04,교통,중랑구 불법주정차 신고,중랑구 불법주정차 신고에 대한 답변입니다. 담당부서 연결 또는 관련 웹사이트 안내가 필요합니다.
2025-07-22 06:44:34,복지,영등포구 장애인 서비스 문의,영등포구 장애인 서비스 문의에 대한 답변입니다. 담당부서 연결 또는 관련 웹사이트 안내가 필요합니다.
2025-06-24 22:31:31,세무,강동구 자동차세 연납 신청,강동구 자동차세 연납 신청에 대한 답변입니다. 담당부서 연결 또는 관련 웹사이트 안내가 필요합니다.
2024-09-12 12:03:43,환경,도봉구 미세먼지 문의,도봉구 미세먼지 문의에 대한 답변입니다. 담당부서 연결 또는 관련 웹사이트 안내가 필요합니다.
2025-08-19 07:53:08,환경,강서구 음식물 쓰레기 배출,강서구 음식물 쓰레기 배출에 대한 답변입니다. 담당부서 연결 또는 관련 웹사이트 안내가 필요합니다.
2025-03-26 14:55:34,복지,관악구 기초생활수급자 신청,관악구 기초생활수급자 신청에 대한 답변입니다. 담당부서 연결 또는 관련 웹사이트 안내가 필요합니다.
2025-02-05 19:15:47,주택,성동구 층간소음 해결,성동구 층간소음 해결에 대한 답변입니다. 담당부서 연결 또는 관련 웹사이트 안내가 필요합니다.
2025-05-18 09:14:44,복지,은평구 출산장려금 신청,은평구 출산장려금 신청에 대한 답변입니다. 담당부서 연결 또는 관련 웹사이트 안내가 필요합니다.
2025-01-01 04:54:01,복지,동작구 출산장려금 신청,동작구 출산장려금 신청에 대한 답변입니다. 담당부서 연결 또는 관련 웹사이트 안내가 필요합니다.
2025-07-07 05:07:19,환경,서대문구 음식물 쓰레기 배출,서대문구 음식물 쓰레기 배출에 대한 답변입니다. 담당부서 연결 또는 관련 웹사이트 안내가 필요합니다.
2024-08-28 21:43:17,환경,용산구 미세먼지 문의,용산구 미세먼지 문의에 대한 답변입니다. 담당부서 연결 또는 관련 웹사이트 안내가 필요합니다.
2025-08-04 06:07:38,복지,동대문구 출산장려금 신청,동대문구 출산장려금 신청에 대한 답변입니다. 담당부서 연결 또는 관련 웹사이트 안내가 필요합니다.
2025-07-12 09:39:16,교통,강남구 불법주정차 신고,강남구 불법주정차 신고에 대한 답변입니다. 담당부서 연결 또는 관련 웹사이트 안내가 필요합니다.
2025-08-17 13:54:25,복지,강북구 장애인 서비스 문의,강북구 장애인 서비스 문의에 대한 답변입니다. 담당부서 연결 또는 관련 웹사이트 안내가 필요합니다.
2025-03-31 16:51:44,교통,남구 버스 노선 문의,남구 버스 노선 문의에 대한 답변입니다. 담당부서 연결 또는 관련 웹사이트 안내가 필요합니다.
2025-07-01 13:41:09,복지,도봉구 어르신 지원 문의,도봉구 어르신 지원 문의에 대한 답변입니다. 담당부서 연결 또는 관련 웹사이트 안내가 필요합니다.
2024-09-20 09:36:12,교통,동작구 따릉이 이용 문의,동작구 따릉이 이용 문의에 대한 답변입니다. 담당부서 연결 또는 관련 웹사이트 안내가 필요합니다.
2024-09-25 01:49:17,일반행정,서대문구 주민등록등본 발급,서대문구 주민등록등본 발급에 대한 답변입니다. 담당부서 연결 또는 관련 웹사이트 안내가 필요합니다.
2025-04-13 17:48:16,복지,용산구 기초생활수급자 신청,용산구 기초생활수급자 신청에 대한 답변입니다. 담당부서 연결 또는 관련 웹사이트 안내가 필요합니다.
2025-03-01 07:04:09,복지,마포구 기초생활수급자 신청,마포구 기초생활수급자 신청에 대한 답변입니다. 담당부서 연결 또는 관련 웹사이트 안내가 필요합니다.
2025-01-02 19:58:37,복지,서대문구 장애인 서비스 문의,서대문구 장애인 서비스 문의에 대한 답변입니다. 담당부서 연결 또는 관련 웹사이트 안내가 필요합니다.
2025-02-22 07:02:52,세무,강북구 자동차세 연납 신청,강북구 자동차세 연납 신청에 대한 답변입니다. 담당부서 연결 또는 관련 웹사이트 안내가 필요합니다.
2024-09-06 13:46:00,일반행정,도봉구 주민등록등본 발급,도봉구 주민등록등본 발급에 대한 답변입니다. 담당부서 연결 또는 관련 웹사이트 안내가 필요합니다.
2025-07-09 08:12:36,복지,북구 기초생활수급자 신청,북구 기초생활수급자 신청에 대한 답변입니다. 담당부서 연결 또는 관련 웹사이트 안내가 필요합니다.
2024-12-03 15:37:46,세무,서대문구 자동차세 연납 신청,서대문구 자동차세 연납 신청에 대한 답변입니다. 담당부서 연결 또는 관련 웹사이트 안내가 필요합니다.
2025-04-18 04:05:55,주택,강서구 전세보증금 반환보증,강서구 전세보증금 반환보증에 대한 답변입니다. 담당부서 연결 또는 관련 웹사이트 안내가 필요합니다.
2024-09-04 08:30:16,복지,금천구 기초생활수급자 신청,금천구 기초생활수급자 신청에 대한 답변입니다. 담당부서 연결 또는 관련 웹사이트 안내가 필요합니다.
2024-08-27 01:35:01,복지,종로구 출산장려금 신청,종로구 출산장려금 신청에 대한 답변입니다. 담당부서 연결 또는 관련 웹사이트 안내가 필요합니다.
2024-11-01 23:25:33,복지,서초구 출산장려금 신청,서초구 출산장려금 신청에 대한 답변입니다. 담당부서 연결 또는 관련 웹사이트 안내가 필요합니다.
2024-12-27 03:46:26,환경,강남구 분리수거 방법,강남구 분리수거 방법에 대한 답변입니다. 담당부서 연결 또는 관련 웹사이트 안내가 필요합니다.
2025-01-09 15:38:09,일반행정,동구 여권 발급 준비물,동구 여권 발급 준비물에 대한 답변입니다. 담당부서 연결 또는 관련 웹사이트 안내가 필요합니다.
2025-08-06 01:55:32,교통,동대문구 버스 노선 문의,동대문구 버스 노선 문의에 대한 답변입니다. 담당부서 연결 또는 관련 웹사이트 안내가 필요합니다.
2025-02-02 21:19:40,교통,구로구 불법주정차 신고,구로구 불법주정차 신고에 대한 답변입니다. 담당부서 연결 또는 관련 웹사이트 안내가 필요합니다.
2025-06-11 04:24:20,세무,서대문구 취득세 감면 문의,서대문구 취득세 감면 문의에 대한 답변입니다. 담당부서 연결 또는 관련 웹사이트 안내가 필요합니다.
2025-07-15 21:13:31,환경,서구 미세먼지 문의,서구 미세먼지 문의에 대한 답변입니다. 담당부서 연결 또는 관련 웹사이트 안내가 필요합니다.
2025-01-31 10:20:14,세무,성북구 지방세 환급금 조회,성북구 지방세 환급금 조회에 대한 답변입니다. 담당부서 연결 또는 관련 웹사이트 안내가 필요합니다.
2025-05-15 09:42:07,복지,성북구 출산장려금 신청,성북구 출산장려금 신청에 대한 답변입니다. 담당부서 연결 또는 관련 웹사이트 안내가 필요합니다.
2024-12-23 08:03:38,환경,노원구 분리수거 방법,노원구 분리수거 방법에 대한 답변입니다. 담당부서 연결 또는 관련 웹사이트 안내가 필요합니다.
2024-10-27 16:32:23,주택,구로구 공공임대주택 입주,구로구 공공임대주택 입주에 대한 답변입니다. 담당부서 연결 또는 관련 웹사이트 안내가 필요합니다.
2025-01-19 21:53:50,복지,동구 기초생활수급자 신청,동구 기초생활수급자 신청에 대한 답변입니다. 담당부서 연결 또는 관련 웹사이트 안내가 필요합니다.
2024-10-04 07:01:33,세무,중랑구 지방세 환급금 조회,중랑구 지방세 환급금 조회에 대한 답변입니다. 담당부서 연결 또는 관련 웹사이트 안내가 필요합니다.
2025-06-30 12:33:15,세무,구로구 취득세 감면 문의,구로구 취득세 감면 문의에 대한 답변입니다. 담당부서 연결 또는 관련 웹사이트 안내가 필요합니다.
2024-11-22 09:21:00,환경,북구 대형 폐기물 처리,북구 대형 폐기물 처리에 대한 답변입니다. 담당부서 연결 또는 관련 웹사이트 안내가 필요합니다.
2024-11-11 15:13:16,일반행정,관악구 지원금 신청 마감일,관악구 지원금 신청 마감일에 대한 답변입니다. 담당부서 연결 또는 관련 웹사이트 안내가 필요합니다.
2025-01-01 20:51:36,일반행정,서대문구 주민등록등본 발급,서대문구 주민등록등본 발급에 대한 답변입니다. 담당부서 연결 또는 관련 웹사이트 안내가 필요합니다.
2024-09-09 03:16:47,환경,구로구 음식물 쓰레기 배출,구로구 음식물 쓰레기 배출에 대한 답변입니다. 담당부서 연결 또는 관련 웹사이트 안내가 필요합니다.
2025-01-24 23:01:27,일반행정,서구 주민등록등본 발급,서구 주민등록등본 발급에 대한 답변입니다. 담당부서 연결 또는 관련 웹사이트 안내가 필요합니다.
2025-07-27 16:10:12,복지,강서구 기초생활수급자 신청,강서구 기초생활수급자 신청에 대한 답변입니다. 담당부서 연결 또는 관련 웹사이트 안내가 필요합니다.
2024-12-19 04:56:24,주택,양천구 층간소음 해결,양천구 층간소음 해결에 대한 답변입니다. 담당부서 연결 또는 관련 웹사이트 안내가 필요합니다.
2025-01-03 01:21:19,복지,종로구 기초생활수급자 신청,종로구 기초생활수급자 신청에 대한 답변입니다. 담당부서 연결 또는 관련 웹사이트 안내가 필요합니다.
2025-04-15 19:24:05,일반행정,은평구 주민등록등본 발급,은평구 주민등록등본 발급에 대한 답변입니다. 담당부서 연결 또는 관련 웹사이트 안내가 필요합니다.
2024-12-13 00:36:14,환경,강서구 대형 폐기물 처리,강서구 대형 폐기물 처리에 대한 답변입니다. 담당부서 연결 또는 관련 웹사이트 안내가 필요합니다.
2025-02-26 01:37:14,환경,관악구 대형 폐기물 처리,관악구 대형 폐기물 처리에 대한 답변입니다. 담당부서 연결 또는 관련 웹사이트 안내가 필요합니다.
2025-02-16 23:25:45,복지,양천구 출산장려금 신청,양천구 출산장려금 신청에 대한 답변입니다. 담당부서 연결 또는 관련 웹사이트 안내가 필요합니다.
2025-06-23 13:52:54,주택,용산구 층간소음 해결,용산구 층간소음 해결에 대한 답변입니다. 담당부서 연결 또는 관련 웹사이트 안내가 필요합니다.
2025-05-29 21:37:32,복지,강북구 어르신 지원 문의,강북구 어르신 지원 문의에 대한 답변입니다. 담당부서 연결 또는 관련 웹사이트 안내가 필요합니다.
2025-02-19 12:55:57,일반행정,서대문구 구청 업무 시간,서대문구 구청 업무 시간에 대한 답변입니다. 담당부서 연결 또는 관련 웹사이트 안내가 필요합니다.
2024-11-27 02:24:24,교통,중구 지하철 막차 시간,중구 지하철 막차 시간에 대한 답변입니다. 담당부서 연결 또는 관련 웹사이트 안내가 필요합니다.
2025-02-13 13:07:56,복지,서구 출산장려금 신청,서구 출산장려금 신청에 대한 답변입니다. 담당부서 연결 또는 관련 웹사이트 안내가 필요합니다.
2025-03-09 20:42:38,교통,서구 지하철 막차 시간,서구 지하철 막차 시간에 대한 답변입니다. 담당부서 연결 또는 관련 웹사이트 안내가 필요합니다.
2025-05-17 21:16:35,복지,마포구 장애인 서비스 문의,마포구 장애인 서비스 문의에 대한 답변입니다. 담당부서 연결 또는 관련 웹사이트 안내가 필요합니다.
2025-03-25 18:45:28,환경,금천구 미세먼지 문의,금천구 미세먼지 문의에 대한 답변입니다. 담당부서 연결 또는 관련 웹사이트 안내가 필요합니다.
2025-04-14 23:57:24,세무,관악구 자동차세 연납 신청,관악구 자동차세 연납 신청에 대한 답변입니다. 담당부서 연결 또는 관련 웹사이트 안내가 필요합니다.
2025-04-10 02:53:27,주택,송파구 공공임대주택 입주,송파구 공공임대주택 입주에 대한 답변입니다. 담당부서 연결 또는 관련 웹사이트 안내가 필요합니다.
2024-12-01 08:22:48,교통,금천구 지하철 막차 시간,금천구 지하철 막차 시간에 대한 답변입니다. 담당부서 연결 또는 관련 웹사이트 안내가 필요합니다.
2025-04-13 06:51:42,세무,서초구 연말정산 문의,서초구 연말정산 문의에 대한 답변입니다. 담당부서 연결 또는 관련 웹사이트 안내가 필요합니다.
2024-10-12 10:30:59,주택,서구 주택 수리 지원,서구 주택 수리 지원에 대한 답변입니다. 담당부서 연결 또는 관련 웹사이트 안내가 필요합니다.
2025-02-14 00:04:56,세무,노원구 지방세 환급금 조회,노원구 지방세 환급금 조회에 대한 답변입니다. 담당부서 연결 또는 관련 웹사이트 안내가 필요합니다.
2025-02-10 18:23:35,환경,양천구 대형 폐기물 처리,양천구 대형 폐기물 처리에 대한 답변입니다. 담당부서 연결 또는 관련 웹사이트 안내가 필요합니다.
2025-02-25 00:36:07,환경,서구 분리수거 방법,서구 분리수거 방법에 대한 답변입니다. 담당부서 연결 또는 관련 웹사이트 안내가 필요합니다.
2025-05-11 20:59:43,세무,성동구 취득세 감면 문의,성동구 취득세 감면 문의에 대한 답변입니다. 담당부서 연결 또는 관련 웹사이트 안내가 필요합니다.
2025-08-05 08:07:22,환경,구로구 음식물 쓰레기 배출,구로구 음식물 쓰레기 배출에 대한 답변입니다. 담당부서 연결 또는 관련 웹사이트 안내가 필요합니다.
2025-03-10 22:43:47,세무,종로구 연말정산 문의,종로구 연말정산 문의에 대한 답변입니다. 담당부서 연결 또는 관련 웹사이트 안내가 필요합니다.
2025-05-04 21:13:30,복지,남구 어르신 지원 문의,남구 어르신 지원 문의에 대한 답변입니다. 담당부서 연결 또는 관련 웹사이트 안내가 필요합니다.
2025-01-27 13:45:59,일반행정,중랑구 주민등록등본 발급,중랑구 주민등록등본 발급에 대한 답변입니다. 담당부서 연결 또는 관련 웹사이트 안내가 필요합니다.
2025-07-15 09:05:43,복지,영등포구 기초생활수급자 신청,영등포구 기초생활수급자 신청에 대한 답변입니다. 담당부서 연결 또는 관련 웹사이트 안내가 필요합니다.
2025-06-09 11:36:38,세무,송파구 자동차세 연납 신청,송파구 자동차세 연납 신청에 대한 답변입니다. 담당부서 연결 또는 관련 웹사이트 안내가 필요합니다.
2025-03-10 09:37:42,일반행정,송파구 여권 발급 준비물,송파구 여권 발급 준비물에 대한 답변입니다. 담당부서 연결 또는 관련 웹사이트 안내가 필요합니다.
2024-12-09 17:17:36,복지,구로구 기초생활수급자 신청,구로구 기초생활수급자 신청에 대한 답변입니다. 담당부서 연결 또는 관련 웹사이트 안내가 필요합니다.
2025-02-10 07:43:35,환경,양천구 미세먼지 문의,양천구 미세먼지 문의에 대한 답변입니다. 담당부서 연결 또는 관련 웹사이트 안내가 필요합니다.
2024-12-18 18:20:27,세무,용산구 자동차세 연납 신청,용산구 자동차세 연납 신청에 대한 답변입니다. 담당부서 연결 또는 관련 웹사이트 안내가 필요합니다.
2024-10-04 16:46:07,주택,금천구 층간소음 해결,금천구 층간소음 해결에 대한 답변입니다. 담당부서 연결 또는 관련 웹사이트 안내가 필요합니다.
2024-10-22 11:31:18,복지,강동구 장애인 서비스 문의,강동구 장애인 서비스 문의에 대한 답변입니다. 담당부서 연결 또는 관련 웹사이트 안내가 필요합니다.
2025-01-29 07:12:57,복지,중구 기초생활수급자 신청,중구 기초생활수급자 신청에 대한 답변입니다. 담당부서 연결 또는 관련 웹사이트 안내가 필요합니다.
2025-08-07 00:52:51,교통,송파구 지하철 막차 시간,송파구 지하철 막차 시간에 대한 답변입니다. 담당부서 연결 또는 관련 웹사이트 안내가 필요합니다.
2024-10-15 17:31:03,일반행정,성북구 주민등록등본 발급,성북구 주민등록등본 발급에 대한 답변입니다. 담당부서 연결 또는 관련 웹사이트 안내가 필요합니다.
2024-11-08 07:50:36,교통,중랑구 지하철 막차 시간,중랑구 지하철 막차 시간에 대한 답변입니다. 담당부서 연결 또는 관련 웹사이트 안내가 필요합니다.
2025-02-02 14:28:09,주택,노원구 공공임대주택 입주,노원구 공공임대주택 입주에 대한 답변입니다. 담당부서 연결 또는 관련 웹사이트 안내가 필요합니다.
2025-04-19 03:14:01,세무,영등포구 지방세 환급금 조회,영등포구 지방세 환급금 조회에 대한 답변입니다. 담당부서 연결 또는 관련 웹사이트 안내가 필요합니다.
2025-08-20 06:08:46,복지,동구 출산장려금 신청,동구 출산장려금 신청에 대한 답변입니다. 담당부서 연결 또는 관련 웹사이트 안내가 필요합니다.
2024-09-12 12:19:08,세무,남구 취득세 감면 문의,남구 취득세 감면 문의에 대한 답변입니다. 담당부서 연결 또는 관련 웹사이트 안내가 필요합니다.
2024-09-25 18:40:59,환경,영등포구 미세먼지 문의,영등포구 미세먼지 문의에 대한 답변입니다. 담당부서 연결 또는 관련 웹사이트 안내가 필요합니다.
2024-08-24 03:30:23,교통,성북구 지하철 막차 시간,성북구 지하철 막차 시간에 대한 답변입니다. 담당부서 연결 또는 관련 웹사이트 안내가 필요합니다.
2025-08-11 01:47:40,복지,동대문구 장애인 서비스 문의,동대문구 장애인 서비스 문의에 대한 답변입니다. 담당부서 연결 또는 관련 웹사이트 안내가 필요합니다.
2024-09-15 17:48:12,세무,남구 지방세 환급금 조회,남구 지방세 환급금 조회에 대한 답변입니다. 담당부서 연결 또는 관련 웹사이트 안내가 필요합니다.
2024-10-13 16:55:52,주택,중구 전세보증금 반환보증,중구 전세보증금 반환보증에 대한 답변입니다. 담당부서 연결 또는 관련 웹사이트 안내가 필요합니다.
2025-07-02 17:27:49,교통,종로구 불법주정차 신고,종로구 불법주정차 신고에 대한 답변입니다. 담당부서 연결 또는 관련 웹사이트 안내가 필요합니다.
2025-03-28 02:18:37,복지,도봉구 장애인 서비스 문의,도봉구 장애인 서비스 문의에 대한 답변입니다. 담당부서 연결 또는 관련 웹사이트 안내가 필요합니다.
2025-05-14 19:56:18,세무,동구 자동차세 연납 신청,동구 자동차세 연납 신청에 대한 답변입니다. 담당부서 연결 또는 관련 웹사이트 안내가 필요합니다.
2024-12-01 04:31:51,교통,동작구 지하철 막차 시간,동작구 지하철 막차 시간에 대한 답변입니다. 담당부서 연결 또는 관련 웹사이트 안내가 필요합니다.
2024-09-12 03:09:34,환경,서구 분리수거 방법,서구 분리수거 방법에 대한 답변입니다. 담당부서 연결 또는 관련 웹사이트 안내가 필요합니다.
2025-05-13 00:54:21,일반행정,서대문구 구청 업무 시간,서대문구 구청 업무 시간에 대한 답변입니다. 담당부서 연결 또는 관련 웹사이트 안내가 필요합니다.
2025-05-27 11:20:43,일반행정,중구 주민등록등본 발급,중구 주민등록등본 발급에 대한 답변입니다. 담당부서 연결 또는 관련 웹사이트 안내가 필요합니다.
2025-05-20 13:45:35,복지,도봉구 기초생활수급자 신청,도봉구 기초생활수급자 신청에 대한 답변입니다. 담당부서 연결 또는 관련 웹사이트 안내가 필요합니다.
2025-06-15 07:39:52,환경,중랑구 분리수거 방법,중랑구 분리수거 방법에 대한 답변입니다. 담당부서 연결 또는 관련 웹사이트 안내가 필요합니다.
2024-10-26 15:29:24,일반행정,북구 여권 발급 준비물,북구 여권 발급 준비물에 대한 답변입니다. 담당부서 연결 또는 관련 웹사이트 안내가 필요합니다.
2024-09-10 23:06:41,환경,금천구 대형 폐기물 처리,금천구 대형 폐기물 처리에 대한 답변입니다. 담당부서 연결 또는 관련 웹사이트 안내가 필요합니다.
2024-09-07 06:55:38,세무,용산구 자동차세 연납 신청,용산구 자동차세 연납 신청에 대한 답변입니다. 담당부서 연결 또는 관련 웹사이트 안내가 필요합니다.
2025-08-19 13:47:55,복지,남구 장애인 서비스 문의,남구 장애인 서비스 문의에 대한 답변입니다. 담당부서 연결 또는 관련 웹사이트 안내가 필요합니다.
2024-12-01 17:10:22,환경,관악구 대형 폐기물 처리,관악구 대형 폐기물 처리에 대한 답변입니다. 담당부서 연결 또는 관련 웹사이트 안내가 필요합니다.
2024-09-30 14:12:06,주택,강남구 전세보증금 반환보증,강남구 전세보증금 반환보증에 대한 답변입니다. 담당부서 연결 또는 관련 웹사이트 안내가 필요합니다.
2024-09-22 22:05:29,주택,서구 주택 수리 지원,서구 주택 수리 지원에 대한 답변입니다. 담당부서 연결 또는 관련 웹사이트 안내가 필요합니다.
2025-05-13 08:47:50,세무,성동구 자동차세 연납 신청,성동구 자동차세 연납 신청에 대한 답변입니다. 담당부서 연결 또는 관련 웹사이트 안내가 필요합니다.
2025-07-30 07:06:15,복지,송파구 어르신 지원 문의,송파구 어르신 지원 문의에 대한 답변입니다. 담당부서 연결 또는 관련 웹사이트 안내가 필요합니다.
2024-11-20 04:41:26,세무,종로구 지방세 환급금 조회,종로구 지방세 환급금 조회에 대한 답변입니다. 담당부서 연결 또는 관련 웹사이트 안내가 필요합니다.
2025-04-17 13:43:29,일반행정,광진구 지원금 신청 마감일,광진구 지원금 신청 마감일에 대한 답변입니다. 담당부서 연결 또는 관련 웹사이트 안내가 필요합니다.
2025-05-30 13:22:01,세무,동구 연말정산 문의,동구 연말정산 문의에 대한 답변입니다. 담당부서 연결 또는 관련 웹사이트 안내가 필요합니다.
2025-08-13 13:39:55,환경,강북구 음식물 쓰레기 배출,강북구 음식물 쓰레기 배출에 대한 답변입니다. 담당부서 연결 또는 관련 웹사이트 안내가 필요합니다.
2025-02-07 21:42:38,복지,종로구 출산장려금 신청,종로구 출산장려금 신청에 대한 답변입니다. 담당부서 연결 또는 관련 웹사이트 안내가 필요합니다.
2024-08-24 23:08:00,복지,북구 장애인 서비스 문의,북구 장애인 서비스 문의에 대한 답변입니다. 담당부서 연결 또는 관련 웹사이트 안내가 필요합니다.
2024-12-07 10:49:15,복지,중구 어르신 지원 문의,중구 어르신 지원 문의에 대한 답변입니다. 담당부서 연결 또는 관련 웹사이트 안내가 필요합니다.
2025-04-07 06:00:39,교통,도봉구 불법주정차 신고,도봉구 불법주정차 신고에 대한 답변입니다. 담당부서 연결 또는 관련 웹사이트 안내가 필요합니다.
2024-12-15 10:27:53,주택,용산구 전세보증금 반환보증,용산구 전세보증금 반환보증에 대한 답변입니다. 담당부서 연결 또는 관련 웹사이트 안내가 필요합니다.
2025-06-05 15:37:03,일반행정,북구 구청 업무 시간,북구 구청 업무 시간에 대한 답변입니다. 담당부서 연결 또는 관련 웹사이트 안내가 필요합니다.
2024-10-24 10:56:28,주택,성동구 공공임대주택 입주,성동구 공공임대주택 입주에 대한 답변입니다. 담당부서 연결 또는 관련 웹사이트 안내가 필요합니다.
2025-07-12 10:56:54,환경,강남구 대형 폐기물 처리,강남구 대형 폐기물 처리에 대한 답변입니다. 담당부서 연결 또는 관련 웹사이트 안내가 필요합니다.
2025-08-23 15:25:27,교통,강남구 불법주정차 신고,강남구 불법주정차 신고에 대한 답변입니다. 담당부서 연결 또는 관련 웹사이트 안내가 필요합니다.
2024-09-12 06:59:47,복지,성북구 어르신 지원 문의,성북구 어르신 지원 문의에 대한 답변입니다. 담당부서 연결 또는 관련 웹사이트 안내가 필요합니다.
2025-01-19 09:58:45,복지,동대문구 장애인 서비스 문의,동대문구 장애인 서비스 문의에 대한 답변입니다. 담당부서 연결 또는 관련 웹사이트 안내가 필요합니다.
2025-06-13 17:41:06,주택,도봉구 공공임대주택 입주,도봉구 공공임대주택 입주에 대한 답변입니다. 담당부서 연결 또는 관련 웹사이트 안내가 필요합니다.
2025-06-07 21:18:04,환경,양천구 대형 폐기물 처리,양천구 대형 폐기물 처리에 대한 답변입니다. 담당부서 연결 또는 관련 웹사이트 안내가 필요합니다.
2025-04-11 18:19:33,세무,서구 취득세 감면 문의,서구 취득세 감면 문의에 대한 답변입니다. 담당부서 연결 또는 관련 웹사이트 안내가 필요합니다.
2025-01-12 12:37:24,세무,송파구 연말정산 문의,송파구 연말정산 문의에 대한 답변입니다. 담당부서 연결 또는 관련 웹사이트 안내가 필요합니다.
2024-08-23 14:06:04,환경,용산구 분리수거 방법,용산구 분리수거 방법에 대한 답변입니다. 담당부서 연결 또는 관련 웹사이트 안내가 필요합니다.
2025-01-12 17:24:05,복지,성북구 어르신 지원 문의,성북구 어르신 지원 문의에 대한 답변입니다. 담당부서 연결 또는 관련 웹사이트 안내가 필요합니다.
2025-05-21 15:09:03,세무,관악구 자동차세 연납 신청,관악구 자동차세 연납 신청에 대한 답변입니다. 담당부서 연결 또는 관련 웹사이트 안내가 필요합니다.
2025-05-15 12:23:13,복지,북구 기초생활수급자 신청,북구 기초생활수급자 신청에 대한 답변입니다. 담당부서 연결 또는 관련 웹사이트 안내가 필요합니다.
2025-04-16 23:31:55,주택,강남구 전세보증금 반환보증,강남구 전세보증금 반환보증에 대한 답변입니다. 담당부서 연결 또는 관련 웹사이트 안내가 필요합니다.
2025-02-08 09:48:34,복지,용산구 출산장려금 신청,용산구 출산장려금 신청에 대한 답변입니다. 담당부서 연결 또는 관련 웹사이트 안내가 필요합니다.
2025-04-19 19:17:38,환경,동대문구 음식물 쓰레기 배출,동대문구 음식물 쓰레기 배출에 대한 답변입니다. 담당부서 연결 또는 관련 웹사이트 안내가 필요합니다.
2024-10-22 14:54:18,교통,서대문구 버스 노선 문의,서대문구 버스 노선 문의에 대한 답변입니다. 담당부서 연결 또는 관련 웹사이트 안내가 필요합니다.
2024-12-13 03:33:28,일반행정,은평구 지원금 신청 마감일,은평구 지원금 신청 마감일에 대한 답변입니다. 담당부서 연결 또는 관련 웹사이트 안내가 필요합니다.
2024-11-24 00:40:09,교통,영등포구 지하철 막차 시간,영등포구 지하철 막차 시간에 대한 답변입니다. 담당부서 연결 또는 관련 웹사이트 안내가 필요합니다.
2025-06-09 23:22:13,복지,동작구 장애인 서비스 문의,동작구 장애인 서비스 문의에 대한 답변입니다. 담당부서 연결 또는 관련 웹사이트 안내가 필요합니다.
2025-05-28 21:45:13,세무,동작구 연말정산 문의,동작구 연말정산 문의에 대한 답변입니다. 담당부서 연결 또는 관련 웹사이트 안내가 필요합니다.
2025-03-18 23:27:02,일반행정,노원구 지원금 신청 마감일,노원구 지원금 신청 마감일에 대한 답변입니다. 담당부서 연결 또는 관련 웹사이트 안내가 필요합니다.
2025-06-20 00:55:18,일반행정,중랑구 구청 업무 시간,중랑구 구청 업무 시간에 대한 답변입니다. 담당부서 연결 또는 관련 웹사이트 안내가 필요합니다.
2024-09-03 03:04:44,일반행정,도봉구 주민등록등본 발급,도봉구 주민등록등본 발급에 대한 답변입니다. 담당부서 연결 또는 관련 웹사이트 안내가 필요합니다.
2024-10-11 14:47:15,일반행정,종로구 지원금 신청 마감일,종로구 지원금 신청 마감일에 대한 답변입니다. 담당부서 연결 또는 관련 웹사이트 안내가 필요합니다.
2025-05-22 00:20:30,세무,성동구 취득세 감면 문의,성동구 취득세 감면 문의에 대한 답변입니다. 담당부서 연결 또는 관련 웹사이트 안내가 필요합니다.
2025-05-16 00:27:07,세무,성동구 자동차세 연납 신청,성동구 자동차세 연납 신청에 대한 답변입니다. 담당부서 연결 또는 관련 웹사이트 안내가 필요합니다.
2024-09-17 11:08:30,교통,도봉구 따릉이 이용 문의,도봉구 따릉이 이용 문의에 대한 답변입니다. 담당부서 연결 또는 관련 웹사이트 안내가 필요합니다.
2025-02-14 13:51:26,일반행정,서초구 지원금 신청 마감일,서초구 지원금 신청 마감일에 대한 답변입니다. 담당부서 연결 또는 관련 웹사이트 안내가 필요합니다.
2025-07-25 11:35:22,교통,양천구 버스 노선 문의,양천구 버스 노선 문의에 대한 답변입니다. 담당부서 연결 또는 관련 웹사이트 안내가 필요합니다.
2025-02-06 15:10:13,주택,종로구 전세보증금 반환보증,종로구 전세보증금 반환보증에 대한 답변입니다. 담당부서 연결 또는 관련 웹사이트 안내가 필요합니다.
2025-01-15 17:52:18,복지,서구 어르신 지원 문의,서구 어르신 지원 문의에 대한 답변입니다. 담당부서 연결 또는 관련 웹사이트 안내가 필요합니다.
2024-09-11 13:42:33,복지,송파구 어르신 지원 문의,송파구 어르신 지원 문의에 대한 답변입니다. 담당부서 연결 또는 관련 웹사이트 안내가 필요합니다.
2025-07-08 04:59:37,복지,마포구 출산장려금 신청,마포구 출산장려금 신청에 대한 답변입니다. 담당부서 연결 또는 관련 웹사이트 안내가 필요합니다.
2025-06-23 19:48:19,세무,성동구 지방세 환급금 조회,성동구 지방세 환급금 조회에 대한 답변입니다. 담당부서 연결 또는 관련 웹사이트 안내가 필요합니다.
2025-04-29 00:13:22,일반행정,동작구 구청 업무 시간,동작구 구청 업무 시간에 대한 답변입니다. 담당부서 연결 또는 관련 웹사이트 안내가 필요합니다.
2025-04-10 16:42:19,환경,중구 대형 폐기물 처리,중구 대형 폐기물 처리에 대한 답변입니다. 담당부서 연결 또는 관련 웹사이트 안내가 필요합니다.
2025-03-04 23:44:49,교통,서대문구 버스 노선 문의,서대문구 버스 노선 문의에 대한 답변입니다. 담당부서 연결 또는 관련 웹사이트 안내가 필요합니다.
2025-06-14 16:53:20,복지,성북구 기초생활수급자 신청,성북구 기초생활수급자 신청에 대한 답변입니다. 담당부서 연결 또는 관련 웹사이트 안내가 필요합니다.
2025-07-07 11:59:54,교통,강동구 지하철 막차 시간,강동구 지하철 막차 시간에 대한 답변입니다. 담당부서 연결 또는 관련 웹사이트 안내가 필요합니다.
2025-06-13 12:00:22,복지,강남구 장애인 서비스 문의,강남구 장애인 서비스 문의에 대한 답변입니다. 담당부서 연결 또는 관련 웹사이트 안내가 필요합니다.
2025-03-01 17:14:14,환경,성북구 음식물 쓰레기 배출,성북구 음식물 쓰레기 배출에 대한 답변입니다. 담당부서 연결 또는 관련 웹사이트 안내가 필요합니다.
2025-01-15 00:28:17,복지,서구 장애인 서비스 문의,서구 장애인 서비스 문의에 대한 답변입니다. 담당부서 연결 또는 관련 웹사이트 안내가 필요합니다.
2024-10-18 22:52:55,일반행정,강서구 여권 발급 준비물,강서구 여권 발급 준비물에 대한 답변입니다. 담당부서 연결 또는 관련 웹사이트 안내가 필요합니다.
2025-08-07 06:51:10,교통,북구 따릉이 이용 문의,북구 따릉이 이용 문의에 대한 답변입니다. 담당부서 연결 또는 관련 웹사이트 안내가 필요합니다.
2025-06-01 01:06:16,환경,영등포구 대형 폐기물 처리,영등포구 대형 폐기물 처리에 대한 답변입니다. 담당부서 연결 또는 관련 웹사이트 안내가 필요합니다.
2025-01-30 21:55:06,복지,양천구 장애인 서비스 문의,양천구 장애인 서비스 문의에 대한 답변입니다. 담당부서 연결 또는 관련 웹사이트 안내가 필요합니다.
2025-08-03 09:51:04,환경,북구 음식물 쓰레기 배출,북구 음식물 쓰레기 배출에 대한 답변입니다. 담당부서 연결 또는 관련 웹사이트 안내가 필요합니다.
2025-02-01 18:20:43,주택,은평구 층간소음 해결,은평구 층간소음 해결에 대한 답변입니다. 담당부서 연결 또는 관련 웹사이트 안내가 필요합니다.
2024-09-30 04:51:14,환경,종로구 음식물 쓰레기 배출,종로구 음식물 쓰레기 배출에 대한 답변입니다. 담당부서 연결 또는 관련 웹사이트 안내가 필요합니다.
2025-04-09 06:19:30,주택,북구 층간소음 해결,북구 층간소음 해결에 대한 답변입니다. 담당부서 연결 또는 관련 웹사이트 안내가 필요합니다.
2025-02-05 06:53:30,세무,중랑구 연말정산 문의,중랑구 연말정산 문의에 대한 답변입니다. 담당부서 연결 또는 관련 웹사이트 안내가 필요합니다.
2025-06-11 04:58:47,세무,도봉구 연말정산 문의,도봉구 연말정산 문의에 대한 답변입니다. 담당부서 연결 또는 관련 웹사이트 안내가 필요합니다.
2025-05-29 00:38:07,세무,중구 연말정산 문의,중구 연말정산 문의에 대한 답변입니다. 담당부서 연결 또는 관련 웹사이트 안내가 필요합니다.
2025-05-19 02:37:35,세무,북구 취득세 감면 문의,북구 취득세 감면 문의에 대한 답변입니다. 담당부서 연결 또는 관련 웹사이트 안내가 필요합니다.
2024-09-08 21:19:44,환경,강남구 음식물 쓰레기 배출,강남구 음식물 쓰레기 배출에 대한 답변입니다. 담당부서 연결 또는 관련 웹사이트 안내가 필요합니다.
2025-03-13 00:36:32,일반행정,종로구 여권 발급 준비물,종로구 여권 발급 준비물에 대한 답변입니다. 담당부서 연결 또는 관련 웹사이트 안내가 필요합니다.
2025-05-11 21:23:43,일반행정,동작구 여권 발급 준비물,동작구 여권 발급 준비물에 대한 답변입니다. 담당부서 연결 또는 관련 웹사이트 안내가 필요합니다.
2025-05-04 02:24:03,일반행정,중구 지원금 신청 마감일,중구 지원금 신청 마감일에 대한 답변입니다. 담당부서 연결 또는 관련 웹사이트 안내가 필요합니다.
2024-12-07 12:41:51,복지,강동구 출산장려금 신청,강동구 출산장려금 신청에 대한 답변입니다. 담당부서 연결 또는 관련 웹사이트 안내가 필요합니다.
2025-03-18 03:52:36,환경,도봉구 음식물 쓰레기 배출,도봉구 음식물 쓰레기 배출에 대한 답변입니다. 담당부서 연결 또는 관련 웹사이트 안내가 필요합니다.
2025-03-22 06:57:09,세무,마포구 자동차세 연납 신청,마포구 자동차세 연납 신청에 대한 답변입니다. 담당부서 연결 또는 관련 웹사이트 안내가 필요합니다.
2024-09-12 07:50:53,일반행정,강서구 구청 업무 시간,강서구 구청 업무 시간에 대한 답변입니다. 담당부서 연결 또는 관련 웹사이트 안내가 필요합니다.
2025-02-22 10:18:10,교통,마포구 지하철 막차 시간,마포구 지하철 막차 시간에 대한 답변입니다. 담당부서 연결 또는 관련 웹사이트 안내가 필요합니다.
2024-11-23 10:31:40,복지,동대문구 어르신 지원 문의,동대문구 어르신 지원 문의에 대한 답변입니다. 담당부서 연결 또는 관련 웹사이트 안내가 필요합니다.
2024-08-27 23:41:06,복지,강남구 기초생활수급자 신청,강남구 기초생활수급자 신청에 대한 답변입니다. 담당부서 연결 또는 관련 웹사이트 안내가 필요합니다.
2024-12-08 19:44:14,일반행정,북구 지원금 신청 마감일,북구 지원금 신청 마감일에 대한 답변입니다. 담당부서 연결 또는 관련 웹사이트 안내가 필요합니다.
2025-07-26 16:43:44,환경,광진구 대형 폐기물 처리,광진구 대형 폐기물 처리에 대한 답변입니다. 담당부서 연결 또는 관련 웹사이트 안내가 필요합니다.
2024-09-19 11:22:15,교통,노원구 따릉이 이용 문의,노원구 따릉이 이용 문의에 대한 답변입니다. 담당부서 연결 또는 관련 웹사이트 안내가 필요합니다.
2025-01-02 09:18:19,복지,은평구 기초생활수급자 신청,은평구 기초생활수급자 신청에 대한 답변입니다. 담당부서 연결 또는 관련 웹사이트 안내가 필요합니다.
2025-01-03 04:53:55,일반행정,영등포구 구청 업무 시간,영등포구 구청 업무 시간에 대한 답변입니다. 담당부서 연결 또는 관련 웹사이트 안내가 필요합니다.
2024-11-30 10:29:15,일반행정,송파구 지원금 신청 마감일,송파구 지원금 신청 마감일에 대한 답변입니다. 담당부서 연결 또는 관련 웹사이트 안내가 필요합니다.
2025-01-24 06:57:05,세무,강북구 자동차세 연납 신청,강북구 자동차세 연납 신청에 대한 답변입니다. 담당부서 연결 또는 관련 웹사이트 안내가 필요합니다.
2025-03-18 21:54:46,환경,광진구 미세먼지 문의,광진구 미세먼지 문의에 대한 답변입니다. 담당부서 연결 또는 관련 웹사이트 안내가 필요합니다.
2025-01-01 02:45:21,세무,용산구 취득세 감면 문의,용산구 취득세 감면 문의에 대한 답변입니다. 담당부서 연결 또는 관련 웹사이트 안내가 필요합니다.
2025-05-13 12:19:26,세무,동구 연말정산 문의,동구 연말정산 문의에 대한 답변입니다. 담당부서 연결 또는 관련 웹사이트 안내가 필요합니다.
2025-01-01 00:45:58,복지,중랑구 어르신 지원 문의,중랑구 어르신 지원 문의에 대한 답변입니다. 담당부서 연결 또는 관련 웹사이트 안내가 필요합니다.
2025-06-06 10:00:33,교통,강남구 불법주정차 신고,강남구 불법주정차 신고에 대한 답변입니다. 담당부서 연결 또는 관련 웹사이트 안내가 필요합니다.
2025-04-15 14:31:50,복지,관악구 장애인 서비스 문의,관악구 장애인 서비스 문의에 대한 답변입니다. 담당부서 연결 또는 관련 웹사이트 안내가 필요합니다.
2024-12-13 15:00:19,교통,양천구 버스 노선 문의,양천구 버스 노선 문의에 대한 답변입니다. 담당부서 연결 또는 관련 웹사이트 안내가 필요합니다.
2025-07-15 15:07:20,복지,관악구 기초생활수급자 신청,관악구 기초생활수급자 신청에 대한 답변입니다. 담당부서 연결 또는 관련 웹사이트 안내가 필요합니다.
2025-08-06 09:07:02,교통,노원구 불법주정차 신고,노원구 불법주정차 신고에 대한 답변입니다. 담당부서 연결 또는 관련 웹사이트 안내가 필요합니다.
2025-08-08 07:21:47,복지,구로구 출산장려금 신청,구로구 출산장려금 신청에 대한 답변입니다. 담당부서 연결 또는 관련 웹사이트 안내가 필요합니다.
2025-01-28 14:18:27,복지,동작구 장애인 서비스 문의,동작구 장애인 서비스 문의에 대한 답변입니다. 담당부서 연결 또는 관련 웹사이트 안내가 필요합니다.
2025-05-05 16:36:44,복지,서초구 출산장려금 신청,서초구 출산장려금 신청에 대한 답변입니다. 담당부서 연결 또는 관련 웹사이트 안내가 필요합니다.
2025-01-31 01:25:04,복지,북구 기초생활수급자 신청,북구 기초생활수급자 신청에 대한 답변입니다. 담당부서 연결 또는 관련 웹사이트 안내가 필요합니다.
2024-12-27 17:01:17,환경,중구 분리수거 방법,중구 분리수거 방법에 대한 답변입니다. 담당부서 연결 또는 관련 웹사이트 안내가 필요합니다.
2025-01-29 15:46:16,세무,구로구 취득세 감면 문의,구로구 취득세 감면 문의에 대한 답변입니다. 담당부서 연결 또는 관련 웹사이트 안내가 필요합니다.
2025-01-21 10:11:07,일반행정,북구 주민등록등본 발급,북구 주민등록등본 발급에 대한 답변입니다. 담당부서 연결 또는 관련 웹사이트 안내가 필요합니다.
2025-07-04 23:22:27,복지,금천구 출산장려금 신청,금천구 출산장려금 신청에 대한 답변입니다. 담당부서 연결 또는 관련 웹사이트 안내가 필요합니다.
2025-02-10 12:36:01,교통,송파구 지하철 막차 시간,송파구 지하철 막차 시간에 대한 답변입니다. 담당부서 연결 또는 관련 웹사이트 안내가 필요합니다.
2025-03-31 16:11:06,세무,노원구 지방세 환급금 조회,노원구 지방세 환급금 조회에 대한 답변입니다. 담당부서 연결 또는 관련 웹사이트 안내가 필요합니다.
2025-06-15 12:57:58,환경,강서구 대형 폐기물 처리,강서구 대형 폐기물 처리에 대한 답변입니다. 담당부서 연결 또는 관련 웹사이트 안내가 필요합니다.
2025-04-22 16:10:57,환경,강동구 대형 폐기물 처리,강동구 대형 폐기물 처리에 대한 답변입니다. 담당부서 연결 또는 관련 웹사이트 안내가 필요합니다.
2024-09-20 18:48:20,주택,마포구 전세보증금 반환보증,마포구 전세보증금 반환보증에 대한 답변입니다. 담당부서 연결 또는 관련 웹사이트 안내가 필요합니다.
2024-09-22 04:17:31,세무,강서구 지방세 환급금 조회,강서구 지방세 환급금 조회에 대한 답변입니다. 담당부서 연결 또는 관련 웹사이트 안내가 필요합니다.
2024-09-29 04:03:02,복지,동작구 기초생활수급자 신청,동작구 기초생활수급자 신청에 대한 답변입니다. 담당부서 연결 또는 관련 웹사이트 안내가 필요합니다.
2024-09-17 01:41:02,교통,강북구 지하철 막차 시간,강북구 지하철 막차 시간에 대한 답변입니다. 담당부서 연결 또는 관련 웹사이트 안내가 필요합니다.
2025-03-16 14:29:54,일반행정,금천구 지원금 신청 마감일,금천구 지원금 신청 마감일에 대한 답변입니다. 담당부서 연결 또는 관련 웹사이트 안내가 필요합니다.
2025-07-01 18:33:54,교통,구로구 지하철 막차 시간,구로구 지하철 막차 시간에 대한 답변입니다. 담당부서 연결 또는 관련 웹사이트 안내가 필요합니다.
2024-10-30 17:51:18,일반행정,영등포구 구청 업무 시간,영등포구 구청 업무 시간에 대한 답변입니다. 담당부서 연결 또는 관련 웹사이트 안내가 필요합니다.
2025-02-03 15:42:09,복지,도봉구 어르신 지원 문의,도봉구 어르신 지원 문의에 대한 답변입니다. 담당부서 연결 또는 관련 웹사이트 안내가 필요합니다.
2025-06-27 06:35:09,환경,동작구 분리수거 방법,동작구 분리수거 방법에 대한 답변입니다. 담당부서 연결 또는 관련 웹사이트 안내가 필요합니다.
2024-10-10 18:49:44,세무,동구 취득세 감면 문의,동구 취득세 감면 문의에 대한 답변입니다. 담당부서 연결 또는 관련 웹사이트 안내가 필요합니다.
2025-07-07 08:14:00,교통,종로구 지하철 막차 시간,종로구 지하철 막차 시간에 대한 답변입니다. 담당부서 연결 또는 관련 웹사이트 안내가 필요합니다.
2024-11-13 17:53:31,세무,강서구 취득세 감면 문의,강서구 취득세 감면 문의에 대한 답변입니다. 담당부서 연결 또는 관련 웹사이트 안내가 필요합니다.
2024-11-12 01:53:38,주택,성동구 공공임대주택 입주,성동구 공공임대주택 입주에 대한 답변입니다. 담당부서 연결 또는 관련 웹사이트 안내가 필요합니다.
2024-11-15 15:09:21,주택,도봉구 주택 수리 지원,도봉구 주택 수리 지원에 대한 답변입니다. 담당부서 연결 또는 관련 웹사이트 안내가 필요합니다.
2025-07-23 02:48:04,환경,강남구 분리수거 방법,강남구 분리수거 방법에 대한 답변입니다. 담당부서 연결 또는 관련 웹사이트 안내가 필요합니다.
2025-04-28 09:41:41,주택,구로구 주택 수리 지원,구로구 주택 수리 지원에 대한 답변입니다. 담당부서 연결 또는 관련 웹사이트 안내가 필요합니다.
2024-11-27 02:00:53,일반행정,은평구 지원금 신청 마감일,은평구 지원금 신청 마감일에 대한 답변입니다. 담당부서 연결 또는 관련 웹사이트 안내가 필요합니다.
2025-02-01 06:29:49,환경,구로구 대형 폐기물 처리,구로구 대형 폐기물 처리에 대한 답변입니다. 담당부서 연결 또는 관련 웹사이트 안내가 필요합니다.
2025-03-02 07:59:07,일반행정,중랑구 주민등록등본 발급,중랑구 주민등록등본 발급에 대한 답변입니다. 담당부서 연결 또는 관련 웹사이트 안내가 필요합니다.
2025-06-01 05:26:31,세무,중랑구 연말정산 문의,중랑구 연말정산 문의에 대한 답변입니다. 담당부서 연결 또는 관련 웹사이트 안내가 필요합니다.
2025-02-10 15:32:51,일반행정,성동구 여권 발급 준비물,성동구 여권 발급 준비물에 대한 답변입니다. 담당부서 연결 또는 관련 웹사이트 안내가 필요합니다.
2025-03-04 18:19:36,세무,은평구 취득세 감면 문의,은평구 취득세 감면 문의에 대한 답변입니다. 담당부서 연결 또는 관련 웹사이트 안내가 필요합니다.
2025-07-26 07:07:14,교통,동구 따릉이 이용 문의,동구 따릉이 이용 문의에 대한 답변입니다. 담당부서 연결 또는 관련 웹사이트 안내가 필요합니다.
2024-09-09 15:43:46,세무,북구 지방세 환급금 조회,북구 지방세 환급금 조회에 대한 답변입니다. 담당부서 연결 또는 관련 웹사이트 안내가 필요합니다.
2025-07-09 18:14:45,복지,송파구 어르신 지원 문의,송파구 어르신 지원 문의에 대한 답변입니다. 담당부서 연결 또는 관련 웹사이트 안내가 필요합니다.
2024-10-18 03:07:54,주택,종로구 주택 수리 지원,종로구 주택 수리 지원에 대한 답변입니다. 담당부서 연결 또는 관련 웹사이트 안내가 필요합니다.
2024-12-05 04:48:55,일반행정,강북구 여권 발급 준비물,강북구 여권 발급 준비물에 대한 답변입니다. 담당부서 연결 또는 관련 웹사이트 안내가 필요합니다.
2025-01-29 13:06:19,복지,남구 장애인 서비스 문의,남구 장애인 서비스 문의에 대한 답변입니다. 담당부서 연결 또는 관련 웹사이트 안내가 필요합니다.
2025-08-02 05:54:08,교통,노원구 따릉이 이용 문의,노원구 따릉이 이용 문의에 대한 답변입니다. 담당부서 연결 또는 관련 웹사이트 안내가 필요합니다.
2025-04-09 11:02:16,주택,노원구 전세보증금 반환보증,노원구 전세보증금 반환보증에 대한 답변입니다. 담당부서 연결 또는 관련 웹사이트 안내가 필요합니다.
2025-03-31 16:51:06,복지,구로구 어르신 지원 문의,구로구 어르신 지원 문의에 대한 답변입니다. 담당부서 연결 또는 관련 웹사이트 안내가 필요합니다.
2025-02-02 12:58:59,세무,양천구 자동차세 연납 신청,양천구 자동차세 연납 신청에 대한 답변입니다. 담당부서 연결 또는 관련 웹사이트 안내가 필요합니다.
2025-06-06 12:36:47,교통,광진구 지하철 막차 시간,광진구 지하철 막차 시간에 대한 답변입니다. 담당부서 연결 또는 관련 웹사이트 안내가 필요합니다.
2025-04-27 23:21:47,복지,마포구 장애인 서비스 문의,마포구 장애인 서비스 문의에 대한 답변입니다. 담당부서 연결 또는 관련 웹사이트 안내가 필요합니다.
2025-03-31 01:25:49,교통,양천구 지하철 막차 시간,양천구 지하철 막차 시간에 대한 답변입니다. 담당부서 연결 또는 관련 웹사이트 안내가 필요합니다.
2025-06-26 07:12:08,환경,강동구 미세먼지 문의,강동구 미세먼지 문의에 대한 답변입니다. 담당부서 연결 또는 관련 웹사이트 안내가 필요합니다.
